invoice_code,customer_code,product_code,client_code,invoice_date,product_price,product_cost,sold_quantity,sub_total,discount,net_sales,tax_amount,total_amount,net_profit_or_gross_amount,net_cash_flow
2026-09-09_1001,34,1047,4000,2026-08-10,85.0,74.0,7,595.0,0.0,595.0,59.5,654.5,77.0,77.0
2026-09-09_1001,34,1022,4000,2026-08-10,100.0,79.0,10,1000.0,0.0,1000.0,100.0,1100.0,210.0,210.0
2026-09-09_1001,34,1066,4000,2026-08-10,94.0,78.0,10,940.0,0.0,940.0,94.0,1034.0,160.0,160.0
2026-10-02_1002,37,1016,4000,2026-09-02,65.0,30.0,7,455.0,0.0,455.0,45.5,500.5,245.0,245.0
2026-10-02_1002,37,1042,4000,2026-09-02,59.0,31.0,7,413.0,0.0,413.0,41.3,454.3,196.0,196.0
2026-10-02_1002,37,1066,4000,2026-09-02,94.0,78.0,1,94.0,0.0,94.0,9.4,103.4,16.0,16.0
2026-09-22_1003,50,1088,4000,2026-08-23,82.0,58.0,5,410.0,0.0,410.0,41.0,451.0,120.0,120.0
2026-09-22_1003,50,1059,4000,2026-08-23,62.0,51.0,6,372.0,0.0,372.0,37.2,409.2,66.0,66.0
2026-09-22_1003,50,1058,4000,2026-08-23,95.0,69.0,10,950.0,0.0,950.0,95.0,1045.0,260.0,260.0
2026-10-01_1004,29,1071,4000,2026-09-01,77.0,39.0,2,154.0,0.0,154.0,15.4,169.4,76.0,76.0
2026-10-01_1004,29,1064,4000,2026-09-01,67.0,34.0,4,268.0,0.0,268.0,26.8,294.8,132.0,132.0
2026-10-01_1004,29,1050,4000,2026-09-01,58.0,26.0,1,58.0,0.0,58.0,5.8,63.8,32.0,32.0
2026-10-01_1005,32,1069,4000,2026-09-01,55.0,37.0,10,550.0,0.0,550.0,55.0,605.0,180.0,180.0
2026-10-01_1005,32,1026,4000,2026-09-01,87.0,69.0,5,435.0,0.0,435.0,43.5,478.5,90.0,90.0
2026-10-01_1005,32,1021,4000,2026-09-01,82.0,45.0,9,738.0,0.0,738.0,73.8,811.8,333.0,333.0
2026-09-05_1006,24,1010,4000,2026-08-06,82.0,58.0,8,656.0,0.0,656.0,65.6,721.6,192.0,192.0
2026-09-05_1006,24,1014,4000,2026-08-06,74.0,59.0,6,444.0,0.0,444.0,44.4,488.4,90.0,90.0
2026-09-05_1006,24,1084,4000,2026-08-06,77.0,45.0,10,770.0,0.0,770.0,77.0,847.0,320.0,320.0
2026-10-03_1007,30,1096,4000,2026-09-03,51.0,39.0,4,204.0,0.0,204.0,20.4,224.4,48.0,48.0
2026-10-03_1007,30,1003,4000,2026-09-03,84.0,66.0,4,336.0,0.0,336.0,33.6,369.6,72.0,72.0
2026-10-03_1007,30,1092,4000,2026-09-03,51.0,14.0,4,204.0,0.0,204.0,20.4,224.4,148.0,148.0
2026-09-28_1008,24,1002,4000,2026-08-29,52.0,33.0,8,416.0,0.0,416.0,41.6,457.6,152.0,152.0
2026-09-28_1008,24,1055,4000,2026-08-29,51.0,14.0,1,51.0,0.0,51.0,5.1,56.1,37.0,37.0
2026-09-28_1008,24,1042,4000,2026-08-29,59.0,31.0,8,472.0,0.0,472.0,47.2,519.2,224.0,224.0
2026-09-14_1009,8,1098,4000,2026-08-15,72.0,37.0,4,288.0,0.0,288.0,28.8,316.8,140.0,140.0
2026-09-14_1009,8,1049,4000,2026-08-15,75.0,54.0,9,675.0,0.0,675.0,67.5,742.5,189.0,189.0
2026-09-14_1009,8,1075,4000,2026-08-15,80.0,64.0,1,80.0,0.0,80.0,8.0,88.0,16.0,16.0
2026-09-17_1010,45,1026,4000,2026-08-18,87.0,69.0,5,435.0,0.0,435.0,43.5,478.5,90.0,90.0
2026-09-17_1010,45,1034,4000,2026-08-18,50.0,17.0,9,450.0,0.0,450.0,45.0,495.0,297.0,297.0
2026-09-17_1010,45,1020,4000,2026-08-18,74.0,37.0,2,148.0,0.0,148.0,14.8,162.8,74.0,74.0
2026-09-18_1011,9,1004,4000,2026-08-19,93.0,67.0,1,93.0,0.0,93.0,9.3,102.3,26.0,26.0
2026-09-18_1011,9,1057,4000,2026-08-19,65.0,39.0,6,390.0,0.0,390.0,39.0,429.0,156.0,156.0
2026-09-18_1011,9,1015,4000,2026-08-19,56.0,28.0,2,112.0,0.0,112.0,11.2,123.2,56.0,56.0
2026-09-10_1012,16,1026,4000,2026-08-11,87.0,69.0,8,696.0,0.0,696.0,69.6,765.6,144.0,144.0
2026-09-10_1012,16,1062,4000,2026-08-11,60.0,47.0,6,360.0,0.0,360.0,36.0,396.0,78.0,78.0
2026-09-10_1012,16,1077,4000,2026-08-11,84.0,62.0,3,252.0,0.0,252.0,25.2,277.2,66.0,66.0
2026-09-19_1013,50,1074,4000,2026-08-20,88.0,74.0,1,88.0,0.0,88.0,8.8,96.8,14.0,14.0
2026-09-19_1013,50,1058,4000,2026-08-20,95.0,69.0,9,855.0,0.0,855.0,85.5,940.5,234.0,234.0
2026-09-19_1013,50,1097,4000,2026-08-20,64.0,38.0,1,64.0,0.0,64.0,6.4,70.4,26.0,26.0
2026-09-14_1014,30,1051,4000,2026-08-15,97.0,81.0,8,776.0,0.0,776.0,77.6,853.6,128.0,128.0
2026-09-14_1014,30,1037,4000,2026-08-15,90.0,55.0,2,180.0,0.0,180.0,18.0,198.0,70.0,70.0
2026-09-14_1014,30,1092,4000,2026-08-15,51.0,14.0,5,255.0,0.0,255.0,25.5,280.5,185.0,185.0
2026-09-08_1015,4,1027,4000,2026-08-09,71.0,32.0,5,355.0,0.0,355.0,35.5,390.5,195.0,195.0
2026-09-08_1015,4,1083,4000,2026-08-09,81.0,44.0,4,324.0,0.0,324.0,32.4,356.4,148.0,148.0
2026-09-08_1015,4,1027,4000,2026-08-09,71.0,32.0,9,639.0,0.0,639.0,63.9,702.9,351.0,351.0
2026-09-17_1016,24,1004,4000,2026-08-18,93.0,67.0,1,93.0,0.0,93.0,9.3,102.3,26.0,26.0
2026-09-17_1016,24,1099,4000,2026-08-18,77.0,60.0,2,154.0,0.0,154.0,15.4,169.4,34.0,34.0
2026-09-17_1016,24,1043,4000,2026-08-18,92.0,71.0,4,368.0,0.0,368.0,36.8,404.8,84.0,84.0
2026-10-02_1017,1,1002,4000,2026-09-02,52.0,33.0,5,260.0,0.0,260.0,26.0,286.0,95.0,95.0
2026-10-02_1017,1,1089,4000,2026-09-02,53.0,15.0,5,265.0,0.0,265.0,26.5,291.5,190.0,190.0
2026-10-02_1017,1,1062,4000,2026-09-02,60.0,47.0,7,420.0,0.0,420.0,42.0,462.0,91.0,91.0
2026-09-15_1018,31,1053,4000,2026-08-16,65.0,49.0,4,260.0,0.0,260.0,26.0,286.0,64.0,64.0
2026-09-15_1018,31,1012,4000,2026-08-16,89.0,57.0,9,801.0,0.0,801.0,80.1,881.1,288.0,288.0
2026-09-15_1018,31,1001,4000,2026-08-16,100.0,86.0,4,400.0,0.0,400.0,40.0,440.0,56.0,56.0
2026-09-26_1019,1,1062,4000,2026-08-27,60.0,47.0,3,180.0,0.0,180.0,18.0,198.0,39.0,39.0
2026-09-26_1019,1,1018,4000,2026-08-27,81.0,54.0,1,81.0,0.0,81.0,8.1,89.1,27.0,27.0
2026-09-26_1019,1,1007,4000,2026-08-27,81.0,54.0,7,567.0,0.0,567.0,56.7,623.7,189.0,189.0
2026-09-30_1020,3,1092,4000,2026-08-31,51.0,14.0,8,408.0,0.0,408.0,40.8,448.8,296.0,296.0
2026-09-30_1020,3,1084,4000,2026-08-31,77.0,45.0,9,693.0,0.0,693.0,69.3,762.3,288.0,288.0
2026-09-30_1020,3,1044,4000,2026-08-31,83.0,49.0,4,332.0,0.0,332.0,33.2,365.2,136.0,136.0
2026-09-28_1021,30,1095,4000,2026-08-29,98.0,88.0,4,392.0,0.0,392.0,39.2,431.2,40.0,40.0
2026-09-28_1021,30,1014,4000,2026-08-29,74.0,59.0,7,518.0,0.0,518.0,51.8,569.8,105.0,105.0
2026-09-28_1021,30,1093,4000,2026-08-29,55.0,22.0,1,55.0,0.0,55.0,5.5,60.5,33.0,33.0
2026-09-27_1022,19,1085,4000,2026-08-28,83.0,46.0,3,249.0,0.0,249.0,24.9,273.9,111.0,111.0
2026-09-27_1022,19,1041,4000,2026-08-28,82.0,49.0,1,82.0,0.0,82.0,8.2,90.2,33.0,33.0
2026-09-27_1022,19,1082,4000,2026-08-28,77.0,60.0,2,154.0,0.0,154.0,15.4,169.4,34.0,34.0
2026-10-02_1023,11,1074,4000,2026-09-02,88.0,74.0,8,704.0,0.0,704.0,70.4,774.4,112.0,112.0
2026-10-02_1023,11,1030,4000,2026-09-02,58.0,46.0,2,116.0,0.0,116.0,11.6,127.6,24.0,24.0
2026-10-02_1023,11,1007,4000,2026-09-02,81.0,54.0,1,81.0,0.0,81.0,8.1,89.1,27.0,27.0
2026-09-27_1024,14,1009,4000,2026-08-28,60.0,30.0,1,60.0,0.0,60.0,6.0,66.0,30.0,30.0
2026-09-27_1024,14,1068,4000,2026-08-28,86.0,72.0,7,602.0,0.0,602.0,60.2,662.2,98.0,98.0
2026-09-27_1024,14,1020,4000,2026-08-28,74.0,37.0,2,148.0,0.0,148.0,14.8,162.8,74.0,74.0
2026-09-26_1025,37,1074,4000,2026-08-27,88.0,74.0,2,176.0,0.0,176.0,17.6,193.6,28.0,28.0
2026-09-26_1025,37,1048,4000,2026-08-27,55.0,37.0,8,440.0,0.0,440.0,44.0,484.0,144.0,144.0
2026-09-26_1025,37,1042,4000,2026-08-27,59.0,31.0,2,118.0,0.0,118.0,11.8,129.8,56.0,56.0
2026-09-25_1026,46,1028,4000,2026-08-26,53.0,27.0,1,53.0,0.0,53.0,5.3,58.3,26.0,26.0
2026-09-25_1026,46,1082,4000,2026-08-26,77.0,60.0,9,693.0,0.0,693.0,69.3,762.3,153.0,153.0
2026-09-25_1026,46,1068,4000,2026-08-26,86.0,72.0,7,602.0,0.0,602.0,60.2,662.2,98.0,98.0
2026-09-23_1027,3,1018,4000,2026-08-24,81.0,54.0,10,810.0,0.0,810.0,81.0,891.0,270.0,270.0
2026-09-23_1027,3,1088,4000,2026-08-24,82.0,58.0,8,656.0,0.0,656.0,65.6,721.6,192.0,192.0
2026-09-23_1027,3,1072,4000,2026-08-24,77.0,45.0,2,154.0,0.0,154.0,15.4,169.4,64.0,64.0
2026-09-14_1028,6,1055,4000,2026-08-15,51.0,14.0,6,306.0,0.0,306.0,30.6,336.6,222.0,222.0
2026-09-14_1028,6,1070,4000,2026-08-15,68.0,57.0,4,272.0,0.0,272.0,27.2,299.2,44.0,44.0
2026-09-14_1028,6,1023,4000,2026-08-15,62.0,44.0,1,62.0,0.0,62.0,6.2,68.2,18.0,18.0
2026-09-24_1029,41,1027,4000,2026-08-25,71.0,32.0,6,426.0,0.0,426.0,42.6,468.6,234.0,234.0
2026-09-24_1029,41,1042,4000,2026-08-25,59.0,31.0,5,295.0,0.0,295.0,29.5,324.5,140.0,140.0
2026-09-24_1029,41,1035,4000,2026-08-25,88.0,76.0,7,616.0,0.0,616.0,61.6,677.6,84.0,84.0
2026-09-15_1030,38,1002,4000,2026-08-16,52.0,33.0,7,364.0,0.0,364.0,36.4,400.4,133.0,133.0
2026-09-15_1030,38,1036,4000,2026-08-16,95.0,76.0,5,475.0,0.0,475.0,47.5,522.5,95.0,95.0
2026-09-15_1030,38,1068,4000,2026-08-16,86.0,72.0,1,86.0,0.0,86.0,8.6,94.6,14.0,14.0
2026-09-29_1031,43,1030,4000,2026-08-30,58.0,46.0,1,58.0,0.0,58.0,5.8,63.8,12.0,12.0
2026-09-29_1031,43,1037,4000,2026-08-30,90.0,55.0,6,540.0,0.0,540.0,54.0,594.0,210.0,210.0
2026-09-29_1031,43,1093,4000,2026-08-30,55.0,22.0,8,440.0,0.0,440.0,44.0,484.0,264.0,264.0
2026-09-12_1032,8,1028,4000,2026-08-13,53.0,27.0,6,318.0,0.0,318.0,31.8,349.8,156.0,156.0
2026-09-12_1032,8,1097,4000,2026-08-13,64.0,38.0,10,640.0,0.0,640.0,64.0,704.0,260.0,260.0
2026-09-12_1032,8,1062,4000,2026-08-13,60.0,47.0,3,180.0,0.0,180.0,18.0,198.0,39.0,39.0
2026-09-29_1033,31,1018,4000,2026-08-30,81.0,54.0,8,648.0,0.0,648.0,64.8,712.8,216.0,216.0
2026-09-29_1033,31,1068,4000,2026-08-30,86.0,72.0,3,258.0,0.0,258.0,25.8,283.8,42.0,42.0
2026-09-29_1033,31,1078,4000,2026-08-30,97.0,77.0,7,679.0,0.0,679.0,67.9,746.9,140.0,140.0
2026-09-24_1034,10,1003,4000,2026-08-25,84.0,66.0,8,672.0,0.0,672.0,67.2,739.2,144.0,144.0
2026-09-24_1034,10,1054,4000,2026-08-25,56.0,29.0,1,56.0,0.0,56.0,5.6,61.6,27.0,27.0
2026-09-24_1034,10,1096,4000,2026-08-25,51.0,39.0,7,357.0,0.0,357.0,35.7,392.7,84.0,84.0
2026-09-30_1035,49,1024,4000,2026-08-31,88.0,54.0,8,704.0,0.0,704.0,70.4,774.4,272.0,272.0
2026-09-30_1035,49,1084,4000,2026-08-31,77.0,45.0,5,385.0,0.0,385.0,38.5,423.5,160.0,160.0
2026-09-30_1035,49,1076,4000,2026-08-31,57.0,47.0,6,342.0,0.0,342.0,34.2,376.2,60.0,60.0
2026-09-30_1036,5,1015,4000,2026-08-31,56.0,28.0,5,280.0,0.0,280.0,28.0,308.0,140.0,140.0
2026-09-30_1036,5,1003,4000,2026-08-31,84.0,66.0,6,504.0,0.0,504.0,50.4,554.4,108.0,108.0
2026-09-30_1036,5,1004,4000,2026-08-31,93.0,67.0,3,279.0,0.0,279.0,27.9,306.9,78.0,78.0
2026-10-01_1037,36,1087,4000,2026-09-01,72.0,58.0,2,144.0,0.0,144.0,14.4,158.4,28.0,28.0
2026-10-01_1037,36,1085,4000,2026-09-01,83.0,46.0,1,83.0,0.0,83.0,8.3,91.3,37.0,37.0
2026-10-01_1037,36,1097,4000,2026-09-01,64.0,38.0,6,384.0,0.0,384.0,38.4,422.4,156.0,156.0
2026-09-06_1038,10,1094,4000,2026-08-07,82.0,72.0,5,410.0,0.0,410.0,41.0,451.0,50.0,50.0
2026-09-06_1038,10,1042,4000,2026-08-07,59.0,31.0,8,472.0,0.0,472.0,47.2,519.2,224.0,224.0
2026-09-06_1038,10,1092,4000,2026-08-07,51.0,14.0,5,255.0,0.0,255.0,25.5,280.5,185.0,185.0
2026-09-13_1039,6,1088,4000,2026-08-14,82.0,58.0,7,574.0,0.0,574.0,57.4,631.4,168.0,168.0
2026-09-13_1039,6,1009,4000,2026-08-14,60.0,30.0,7,420.0,0.0,420.0,42.0,462.0,210.0,210.0
2026-09-13_1039,6,1073,4000,2026-08-14,58.0,30.0,8,464.0,0.0,464.0,46.4,510.4,224.0,224.0
2026-09-13_1040,27,1054,4000,2026-08-14,56.0,29.0,7,392.0,0.0,392.0,39.2,431.2,189.0,189.0
2026-09-13_1040,27,1047,4000,2026-08-14,85.0,74.0,2,170.0,0.0,170.0,17.0,187.0,22.0,22.0
2026-09-13_1040,27,1076,4000,2026-08-14,57.0,47.0,7,399.0,0.0,399.0,39.9,438.9,70.0,70.0
2026-09-07_1041,22,1013,4000,2026-08-08,79.0,40.0,1,79.0,0.0,79.0,7.9,86.9,39.0,39.0
2026-09-07_1041,22,1013,4000,2026-08-08,79.0,40.0,10,790.0,0.0,790.0,79.0,869.0,390.0,390.0
2026-09-07_1041,22,1089,4000,2026-08-08,53.0,15.0,4,212.0,0.0,212.0,21.2,233.2,152.0,152.0
2026-09-24_1042,36,1026,4000,2026-08-25,87.0,69.0,8,696.0,0.0,696.0,69.6,765.6,144.0,144.0
2026-09-24_1042,36,1010,4000,2026-08-25,82.0,58.0,5,410.0,0.0,410.0,41.0,451.0,120.0,120.0
2026-09-24_1042,36,1037,4000,2026-08-25,90.0,55.0,1,90.0,0.0,90.0,9.0,99.0,35.0,35.0
2026-09-22_1043,8,1020,4000,2026-08-23,74.0,37.0,2,148.0,0.0,148.0,14.8,162.8,74.0,74.0
2026-09-22_1043,8,1067,4000,2026-08-23,71.0,56.0,8,568.0,0.0,568.0,56.8,624.8,120.0,120.0
2026-09-22_1043,8,1081,4000,2026-08-23,81.0,56.0,2,162.0,0.0,162.0,16.2,178.2,50.0,50.0
2026-09-10_1044,33,1012,4000,2026-08-11,89.0,57.0,9,801.0,0.0,801.0,80.1,881.1,288.0,288.0
2026-09-10_1044,33,1057,4000,2026-08-11,65.0,39.0,8,520.0,0.0,520.0,52.0,572.0,208.0,208.0
2026-09-10_1044,33,1083,4000,2026-08-11,81.0,44.0,8,648.0,0.0,648.0,64.8,712.8,296.0,296.0
2026-09-11_1045,34,1082,4000,2026-08-12,77.0,60.0,9,693.0,0.0,693.0,69.3,762.3,153.0,153.0
2026-09-11_1045,34,1097,4000,2026-08-12,64.0,38.0,1,64.0,0.0,64.0,6.4,70.4,26.0,26.0
2026-09-11_1045,34,1069,4000,2026-08-12,55.0,37.0,7,385.0,0.0,385.0,38.5,423.5,126.0,126.0
2026-09-11_1046,37,1069,4000,2026-08-12,55.0,37.0,6,330.0,0.0,330.0,33.0,363.0,108.0,108.0
2026-09-11_1046,37,1018,4000,2026-08-12,81.0,54.0,5,405.0,0.0,405.0,40.5,445.5,135.0,135.0
2026-09-11_1046,37,1086,4000,2026-08-12,68.0,50.0,4,272.0,0.0,272.0,27.2,299.2,72.0,72.0
2026-09-17_1047,45,1086,4000,2026-08-18,68.0,50.0,9,612.0,0.0,612.0,61.2,673.2,162.0,162.0
2026-09-17_1047,45,1044,4000,2026-08-18,83.0,49.0,5,415.0,0.0,415.0,41.5,456.5,170.0,170.0
2026-09-17_1047,45,1073,4000,2026-08-18,58.0,30.0,6,348.0,0.0,348.0,34.8,382.8,168.0,168.0
2026-09-06_1048,31,1020,4000,2026-08-07,74.0,37.0,8,592.0,0.0,592.0,59.2,651.2,296.0,296.0
2026-09-06_1048,31,1044,4000,2026-08-07,83.0,49.0,8,664.0,0.0,664.0,66.4,730.4,272.0,272.0
2026-09-06_1048,31,1010,4000,2026-08-07,82.0,58.0,9,738.0,0.0,738.0,73.8,811.8,216.0,216.0
2026-09-17_1049,38,1015,4000,2026-08-18,56.0,28.0,10,560.0,0.0,560.0,56.0,616.0,280.0,280.0
2026-09-17_1049,38,1006,4000,2026-08-18,71.0,46.0,1,71.0,0.0,71.0,7.1,78.1,25.0,25.0
2026-09-17_1049,38,1072,4000,2026-08-18,77.0,45.0,8,616.0,0.0,616.0,61.6,677.6,256.0,256.0
2026-09-15_1050,22,1097,4000,2026-08-16,64.0,38.0,6,384.0,0.0,384.0,38.4,422.4,156.0,156.0
2026-09-15_1050,22,1012,4000,2026-08-16,89.0,57.0,4,356.0,0.0,356.0,35.6,391.6,128.0,128.0
2026-09-15_1050,22,1043,4000,2026-08-16,92.0,71.0,6,552.0,0.0,552.0,55.2,607.2,126.0,126.0
2026-09-21_1051,47,1017,4000,2026-08-22,100.0,75.0,4,400.0,0.0,400.0,40.0,440.0,100.0,100.0
2026-09-21_1051,47,1086,4000,2026-08-22,68.0,50.0,7,476.0,0.0,476.0,47.6,523.6,126.0,126.0
2026-09-21_1051,47,1091,4000,2026-08-22,91.0,80.0,1,91.0,0.0,91.0,9.1,100.1,11.0,11.0
2026-09-08_1052,49,1077,4000,2026-08-09,84.0,62.0,7,588.0,29.4,558.6,55.86,614.46,124.6,124.6
2026-09-08_1052,49,1013,4000,2026-08-09,79.0,40.0,6,474.0,23.7,450.3,45.03,495.33,210.3,210.3
2026-09-12_1053,44,1029,4000,2026-08-13,82.0,61.0,3,246.0,12.3,233.7,23.37,257.07,50.7,50.7
2026-09-12_1053,44,1065,4000,2026-08-13,93.0,60.0,2,186.0,9.3,176.7,17.67,194.37,56.7,56.7
2026-09-21_1054,45,1000,4000,2026-08-22,70.0,46.0,10,700.0,35.0,665.0,66.5,731.5,205.0,205.0
2026-09-21_1054,45,1043,4000,2026-08-22,92.0,71.0,5,460.0,23.0,437.0,43.7,480.7,82.0,82.0
2026-09-11_1055,35,1048,4000,2026-08-12,55.0,37.0,7,385.0,19.25,365.75,36.58,402.33,106.75,106.75
2026-09-11_1055,35,1074,4000,2026-08-12,88.0,74.0,10,880.0,44.0,836.0,83.6,919.6,96.0,96.0
2026-10-02_1056,39,1099,4000,2026-09-02,77.0,60.0,3,231.0,11.55,219.45,21.95,241.4,39.45,39.45
2026-10-02_1056,39,1034,4000,2026-09-02,50.0,17.0,10,500.0,25.0,475.0,47.5,522.5,305.0,305.0
2026-09-16_1057,7,1073,4000,2026-08-17,58.0,30.0,7,406.0,20.3,385.7,38.57,424.27,175.7,175.7
2026-09-16_1057,7,1008,4000,2026-08-17,70.0,39.0,3,210.0,10.5,199.5,19.95,219.45,82.5,82.5
2026-09-08_1058,12,1077,4000,2026-08-09,84.0,62.0,9,756.0,37.8,718.2,71.82,790.02,160.2,160.2
2026-09-08_1058,12,1081,4000,2026-08-09,81.0,56.0,7,567.0,28.35,538.65,53.87,592.52,146.65,146.65
2026-09-06_1059,19,1011,4000,2026-08-07,82.0,69.0,1,82.0,4.1,77.9,7.79,85.69,8.9,8.9
2026-09-06_1059,19,1044,4000,2026-08-07,83.0,49.0,9,747.0,37.35,709.65,70.97,780.62,268.65,268.65
2026-09-24_1060,46,1076,4000,2026-08-25,57.0,47.0,7,399.0,19.95,379.05,37.91,416.96,50.05,50.05
2026-09-24_1060,46,1096,4000,2026-08-25,51.0,39.0,4,204.0,10.2,193.8,19.38,213.18,37.8,37.8
2026-10-01_1061,16,1034,4000,2026-09-01,50.0,17.0,8,400.0,20.0,380.0,38.0,418.0,244.0,244.0
2026-10-01_1061,16,1097,4000,2026-09-01,64.0,38.0,5,320.0,16.0,304.0,30.4,334.4,114.0,114.0
2026-09-23_1062,47,1086,4000,2026-08-24,68.0,50.0,8,544.0,27.2,516.8,51.68,568.48,116.8,116.8
2026-09-23_1062,47,1054,4000,2026-08-24,56.0,29.0,6,336.0,16.8,319.2,31.92,351.12,145.2,145.2
2026-10-03_1063,10,1078,4000,2026-09-03,97.0,77.0,1,97.0,4.85,92.15,9.22,101.37,15.15,15.15
2026-10-03_1063,10,1089,4000,2026-09-03,53.0,15.0,8,424.0,21.2,402.8,40.28,443.08,282.8,282.8
2026-09-11_1064,19,1016,4000,2026-08-12,65.0,30.0,9,585.0,29.25,555.75,55.58,611.33,285.75,285.75
2026-09-11_1064,19,1083,4000,2026-08-12,81.0,44.0,6,486.0,24.3,461.7,46.17,507.87,197.7,197.7
2026-09-30_1065,13,1032,4000,2026-08-31,51.0,31.0,8,408.0,20.4,387.6,38.76,426.36,139.6,139.6
2026-09-30_1065,13,1024,4000,2026-08-31,88.0,54.0,8,704.0,35.2,668.8,66.88,735.68,236.8,236.8
2026-09-09_1066,49,1059,4000,2026-08-10,62.0,51.0,10,620.0,31.0,589.0,58.9,647.9,79.0,79.0
2026-09-09_1066,49,1083,4000,2026-08-10,81.0,44.0,3,243.0,12.15,230.85,23.09,253.94,98.85,98.85
2026-09-09_1067,29,1065,4000,2026-08-10,93.0,60.0,6,558.0,27.9,530.1,53.01,583.11,170.1,170.1
2026-09-09_1067,29,1039,4000,2026-08-10,89.0,52.0,10,890.0,44.5,845.5,84.55,930.05,325.5,325.5
2026-09-12_1068,49,1052,4000,2026-08-13,89.0,77.0,6,534.0,26.7,507.3,50.73,558.03,45.3,45.3
2026-09-12_1068,49,1082,4000,2026-08-13,77.0,60.0,9,693.0,34.65,658.35,65.84,724.19,118.35,118.35
2026-09-29_1069,10,1079,4000,2026-08-30,64.0,39.0,6,384.0,19.2,364.8,36.48,401.28,130.8,130.8
2026-09-29_1069,10,1099,4000,2026-08-30,77.0,60.0,10,770.0,38.5,731.5,73.15,804.65,131.5,131.5
2026-09-16_1070,33,1046,4000,2026-08-17,92.0,72.0,4,368.0,18.4,349.6,34.96,384.56,61.6,61.6
2026-09-16_1070,33,1042,4000,2026-08-17,59.0,31.0,4,236.0,11.8,224.2,22.42,246.62,100.2,100.2
2026-09-27_1071,39,1049,4000,2026-08-28,75.0,54.0,8,600.0,30.0,570.0,57.0,627.0,138.0,138.0
2026-09-27_1071,39,1043,4000,2026-08-28,92.0,71.0,9,828.0,41.4,786.6,78.66,865.26,147.6,147.6
2026-10-03_1072,1,1034,4000,2026-09-03,50.0,17.0,5,250.0,12.5,237.5,23.75,261.25,152.5,152.5
2026-10-03_1072,1,1009,4000,2026-09-03,60.0,30.0,4,240.0,12.0,228.0,22.8,250.8,108.0,108.0
2026-09-11_1073,38,1090,4000,2026-08-12,61.0,45.0,10,610.0,30.5,579.5,57.95,637.45,129.5,129.5
2026-09-11_1073,38,1013,4000,2026-08-12,79.0,40.0,9,711.0,35.55,675.45,67.55,743.0,315.45,315.45
2026-09-13_1074,28,1030,4000,2026-08-14,58.0,46.0,6,348.0,17.4,330.6,33.06,363.66,54.6,54.6
2026-09-13_1074,28,1043,4000,2026-08-14,92.0,71.0,3,276.0,13.8,262.2,26.22,288.42,49.2,49.2
2026-09-12_1075,26,1041,4000,2026-08-13,82.0,49.0,1,82.0,4.1,77.9,7.79,85.69,28.9,28.9
2026-09-12_1075,26,1012,4000,2026-08-13,89.0,57.0,4,356.0,17.8,338.2,33.82,372.02,110.2,110.2
2026-09-23_1076,32,1039,4000,2026-08-24,89.0,52.0,4,356.0,17.8,338.2,33.82,372.02,130.2,130.2
2026-09-23_1076,32,1061,4000,2026-08-24,67.0,30.0,2,134.0,6.7,127.3,12.73,140.03,67.3,67.3
2026-09-27_1077,20,1031,4000,2026-08-28,62.0,50.0,3,186.0,9.3,176.7,17.67,194.37,26.7,26.7
2026-09-27_1077,20,1056,4000,2026-08-28,57.0,47.0,8,456.0,22.8,433.2,43.32,476.52,57.2,57.2
2026-09-18_1078,35,1087,4000,2026-08-19,72.0,58.0,1,72.0,3.6,68.4,6.84,75.24,10.4,10.4
2026-09-18_1078,35,1008,4000,2026-08-19,70.0,39.0,3,210.0,10.5,199.5,19.95,219.45,82.5,82.5
2026-09-07_1079,36,1028,4000,2026-08-08,53.0,27.0,3,159.0,7.95,151.05,15.11,166.16,70.05,70.05
2026-09-07_1079,36,1015,4000,2026-08-08,56.0,28.0,10,560.0,28.0,532.0,53.2,585.2,252.0,252.0
2026-09-10_1080,15,1002,4000,2026-08-11,52.0,33.0,4,208.0,10.4,197.6,19.76,217.36,65.6,65.6
2026-09-10_1080,15,1064,4000,2026-08-11,67.0,34.0,3,201.0,10.05,190.95,19.1,210.05,88.95,88.95
2026-09-28_1081,21,1046,4000,2026-08-29,92.0,72.0,1,92.0,4.6,87.4,8.74,96.14,15.4,15.4
2026-09-28_1081,21,1086,4000,2026-08-29,68.0,50.0,8,544.0,27.2,516.8,51.68,568.48,116.8,116.8
2026-09-23_1082,48,1016,4000,2026-08-24,65.0,30.0,10,650.0,32.5,617.5,61.75,679.25,317.5,317.5
2026-09-23_1082,48,1074,4000,2026-08-24,88.0,74.0,7,616.0,30.8,585.2,58.52,643.72,67.2,67.2
2026-09-15_1083,17,1035,4000,2026-08-16,88.0,76.0,8,704.0,35.2,668.8,66.88,735.68,60.8,60.8
2026-09-15_1083,17,1036,4000,2026-08-16,95.0,76.0,6,570.0,28.5,541.5,54.15,595.65,85.5,85.5
2026-09-11_1084,5,1099,4000,2026-08-12,77.0,60.0,8,616.0,30.8,585.2,58.52,643.72,105.2,105.2
2026-09-11_1084,5,1016,4000,2026-08-12,65.0,30.0,8,520.0,26.0,494.0,49.4,543.4,254.0,254.0
2026-09-17_1085,1,1009,4000,2026-08-18,60.0,30.0,10,600.0,30.0,570.0,57.0,627.0,270.0,270.0
2026-09-17_1085,1,1025,4000,2026-08-18,67.0,43.0,9,603.0,30.15,572.85,57.29,630.14,185.85,185.85
2026-09-25_1086,37,1046,4000,2026-08-26,92.0,72.0,9,828.0,41.4,786.6,78.66,865.26,138.6,138.6
2026-09-25_1086,37,1033,4000,2026-08-26,72.0,48.0,2,144.0,7.2,136.8,13.68,150.48,40.8,40.8
2026-09-10_1087,21,1075,4000,2026-08-11,80.0,64.0,8,640.0,32.0,608.0,60.8,668.8,96.0,96.0
2026-09-10_1087,21,1055,4000,2026-08-11,51.0,14.0,5,255.0,12.75,242.25,24.23,266.48,172.25,172.25
2026-09-24_1088,4,1017,4000,2026-08-25,100.0,75.0,4,400.0,20.0,380.0,38.0,418.0,80.0,80.0
2026-09-24_1088,4,1035,4000,2026-08-25,88.0,76.0,5,440.0,22.0,418.0,41.8,459.8,38.0,38.0
2026-09-09_1089,6,1046,4000,2026-08-10,92.0,72.0,7,644.0,32.2,611.8,61.18,672.98,107.8,107.8
2026-09-09_1089,6,1003,4000,2026-08-10,84.0,66.0,2,168.0,8.4,159.6,15.96,175.56,27.6,27.6
2026-09-29_1090,32,1024,4000,2026-08-30,88.0,54.0,6,528.0,26.4,501.6,50.16,551.76,177.6,177.6
2026-09-29_1090,32,1062,4000,2026-08-30,60.0,47.0,2,120.0,6.0,114.0,11.4,125.4,20.0,20.0
2026-09-15_1091,35,1013,4000,2026-08-16,79.0,40.0,10,790.0,39.5,750.5,75.05,825.55,350.5,350.5
2026-09-15_1091,35,1051,4000,2026-08-16,97.0,81.0,5,485.0,24.25,460.75,46.08,506.83,55.75,55.75
2026-09-11_1092,24,1015,4000,2026-08-12,56.0,28.0,2,112.0,5.6,106.4,10.64,117.04,50.4,50.4
2026-09-11_1092,24,1047,4000,2026-08-12,85.0,74.0,5,425.0,21.25,403.75,40.38,444.13,33.75,33.75
2026-09-12_1093,50,1046,4000,2026-08-13,92.0,72.0,4,368.0,18.4,349.6,34.96,384.56,61.6,61.6
2026-09-12_1093,50,1016,4000,2026-08-13,65.0,30.0,4,260.0,13.0,247.0,24.7,271.7,127.0,127.0
2026-09-27_1094,20,1072,4000,2026-08-28,77.0,45.0,2,154.0,7.7,146.3,14.63,160.93,56.3,56.3
2026-09-27_1094,20,1077,4000,2026-08-28,84.0,62.0,8,672.0,33.6,638.4,63.84,702.24,142.4,142.4
2026-09-11_1095,10,1099,4000,2026-08-12,77.0,60.0,7,539.0,26.95,512.05,51.21,563.26,92.05,92.05
2026-09-11_1095,10,1053,4000,2026-08-12,65.0,49.0,1,65.0,3.25,61.75,6.18,67.93,12.75,12.75
2026-09-30_1096,35,1006,4000,2026-08-31,71.0,46.0,1,71.0,3.55,67.45,6.75,74.2,21.45,21.45
2026-09-30_1096,35,1057,4000,2026-08-31,65.0,39.0,5,325.0,16.25,308.75,30.88,339.63,113.75,113.75
2026-09-16_1097,1,1070,4000,2026-08-17,68.0,57.0,7,476.0,23.8,452.2,45.22,497.42,53.2,53.2
2026-09-16_1097,1,1059,4000,2026-08-17,62.0,51.0,2,124.0,6.2,117.8,11.78,129.58,15.8,15.8
2026-09-19_1098,3,1026,4000,2026-08-20,87.0,69.0,8,696.0,34.8,661.2,66.12,727.32,109.2,109.2
2026-09-19_1098,3,1085,4000,2026-08-20,83.0,46.0,1,83.0,4.15,78.85,7.89,86.74,32.85,32.85
2026-09-26_1099,9,1043,4000,2026-08-27,92.0,71.0,4,368.0,18.4,349.6,34.96,384.56,65.6,65.6
2026-09-26_1099,9,1029,4000,2026-08-27,82.0,61.0,1,82.0,4.1,77.9,7.79,85.69,16.9,16.9
2026-09-11_1100,10,1018,4000,2026-08-12,81.0,54.0,5,405.0,20.25,384.75,38.48,423.23,114.75,114.75
2026-09-11_1100,10,1052,4000,2026-08-12,89.0,77.0,10,890.0,44.5,845.5,84.55,930.05,75.5,75.5
2026-09-10_1101,21,1067,4000,2026-08-11,71.0,56.0,5,355.0,17.75,337.25,33.73,370.98,57.25,57.25
2026-09-10_1101,21,1079,4000,2026-08-11,64.0,39.0,4,256.0,12.8,243.2,24.32,267.52,87.2,87.2
2026-09-27_1102,21,1082,4000,2026-08-28,77.0,60.0,5,385.0,19.25,365.75,36.58,402.33,65.75,65.75
2026-09-27_1102,21,1021,4000,2026-08-28,82.0,45.0,5,410.0,20.5,389.5,38.95,428.45,164.5,164.5
2026-09-14_1103,34,1062,4000,2026-08-15,60.0,47.0,6,360.0,18.0,342.0,34.2,376.2,60.0,60.0
2026-09-14_1103,34,1023,4000,2026-08-15,62.0,44.0,4,248.0,12.4,235.6,23.56,259.16,59.6,59.6
2026-09-10_1104,43,1081,4000,2026-08-11,81.0,56.0,9,729.0,36.45,692.55,69.26,761.81,188.55,188.55
2026-09-10_1104,43,1050,4000,2026-08-11,58.0,26.0,1,58.0,2.9,55.1,5.51,60.61,29.1,29.1
2026-09-09_1105,41,1081,4000,2026-08-10,81.0,56.0,1,81.0,4.05,76.95,7.7,84.65,20.95,20.95
2026-09-09_1105,41,1095,4000,2026-08-10,98.0,88.0,10,980.0,49.0,931.0,93.1,1024.1,51.0,51.0
2026-10-01_1106,6,1027,4000,2026-09-01,71.0,32.0,3,213.0,10.65,202.35,20.24,222.59,106.35,106.35
2026-10-01_1106,6,1077,4000,2026-09-01,84.0,62.0,7,588.0,29.4,558.6,55.86,614.46,124.6,124.6
2026-09-30_1107,10,1093,4000,2026-08-31,55.0,22.0,7,385.0,19.25,365.75,36.58,402.33,211.75,211.75
2026-09-30_1107,10,1048,4000,2026-08-31,55.0,37.0,6,330.0,16.5,313.5,31.35,344.85,91.5,91.5
2026-09-07_1108,43,1007,4000,2026-08-08,81.0,54.0,5,405.0,20.25,384.75,38.48,423.23,114.75,114.75
2026-09-07_1108,43,1041,4000,2026-08-08,82.0,49.0,10,820.0,41.0,779.0,77.9,856.9,289.0,289.0
2026-09-06_1109,19,1038,4000,2026-08-07,77.0,55.0,2,154.0,7.7,146.3,14.63,160.93,36.3,36.3
2026-09-06_1109,19,1059,4000,2026-08-07,62.0,51.0,3,186.0,9.3,176.7,17.67,194.37,23.7,23.7
2026-10-03_1110,30,1054,4000,2026-09-03,56.0,29.0,2,112.0,5.6,106.4,10.64,117.04,48.4,48.4
2026-10-03_1110,30,1086,4000,2026-09-03,68.0,50.0,6,408.0,20.4,387.6,38.76,426.36,87.6,87.6
2026-10-02_1111,49,1071,4000,2026-09-02,77.0,39.0,4,308.0,15.4,292.6,29.26,321.86,136.6,136.6
2026-10-02_1111,49,1025,4000,2026-09-02,67.0,43.0,9,603.0,30.15,572.85,57.29,630.14,185.85,185.85
2026-09-22_1112,15,1064,4000,2026-08-23,67.0,34.0,5,335.0,16.75,318.25,31.83,350.08,148.25,148.25
2026-09-22_1112,15,1040,4000,2026-08-23,51.0,36.0,5,255.0,12.75,242.25,24.23,266.48,62.25,62.25
2026-09-19_1113,21,1055,4000,2026-08-20,51.0,14.0,9,459.0,22.95,436.05,43.61,479.66,310.05,310.05
2026-09-19_1113,21,1002,4000,2026-08-20,52.0,33.0,5,260.0,13.0,247.0,24.7,271.7,82.0,82.0
2026-09-22_1114,23,1044,4000,2026-08-23,83.0,49.0,7,581.0,29.05,551.95,55.2,607.15,208.95,208.95
2026-09-22_1114,23,1071,4000,2026-08-23,77.0,39.0,2,154.0,7.7,146.3,14.63,160.93,68.3,68.3
2026-09-24_1115,33,1039,4000,2026-08-25,89.0,52.0,5,445.0,22.25,422.75,42.28,465.03,162.75,162.75
2026-09-24_1115,33,1025,4000,2026-08-25,67.0,43.0,3,201.0,10.05,190.95,19.1,210.05,61.95,61.95
2026-09-12_1116,44,1040,4000,2026-08-13,51.0,36.0,5,255.0,12.75,242.25,24.23,266.48,62.25,62.25
2026-09-12_1116,44,1013,4000,2026-08-13,79.0,40.0,7,553.0,27.65,525.35,52.54,577.89,245.35,245.35
2026-10-02_1117,42,1033,4000,2026-09-02,72.0,48.0,3,216.0,10.8,205.2,20.52,225.72,61.2,61.2
2026-10-02_1117,42,1051,4000,2026-09-02,97.0,81.0,7,679.0,33.95,645.05,64.51,709.56,78.05,78.05
2026-09-30_1118,4,1094,4000,2026-08-31,82.0,72.0,2,164.0,8.2,155.8,15.58,171.38,11.8,11.8
2026-09-30_1118,4,1078,4000,2026-08-31,97.0,77.0,1,97.0,4.85,92.15,9.22,101.37,15.15,15.15
2026-09-07_1119,50,1073,4000,2026-08-08,58.0,30.0,10,580.0,29.0,551.0,55.1,606.1,251.0,251.0
2026-09-07_1119,50,1058,4000,2026-08-08,95.0,69.0,6,570.0,28.5,541.5,54.15,595.65,127.5,127.5
2026-09-11_1120,19,1010,4000,2026-08-12,82.0,58.0,3,246.0,12.3,233.7,23.37,257.07,59.7,59.7
2026-09-11_1120,19,1058,4000,2026-08-12,95.0,69.0,7,665.0,33.25,631.75,63.18,694.93,148.75,148.75
2026-09-10_1121,48,1000,4000,2026-08-11,70.0,46.0,10,700.0,35.0,665.0,66.5,731.5,205.0,205.0
2026-09-10_1121,48,1092,4000,2026-08-11,51.0,14.0,1,51.0,2.55,48.45,4.85,53.3,34.45,34.45
2026-09-22_1122,47,1037,4000,2026-08-23,90.0,55.0,4,360.0,18.0,342.0,34.2,376.2,122.0,122.0
2026-09-22_1122,47,1061,4000,2026-08-23,67.0,30.0,10,670.0,33.5,636.5,63.65,700.15,336.5,336.5
2026-09-11_1123,4,1020,4000,2026-08-12,74.0,37.0,2,148.0,7.4,140.6,14.06,154.66,66.6,66.6
2026-09-11_1123,4,1027,4000,2026-08-12,71.0,32.0,6,426.0,21.3,404.7,40.47,445.17,212.7,212.7
2026-09-27_1124,47,1093,4000,2026-08-28,55.0,22.0,8,440.0,22.0,418.0,41.8,459.8,242.0,242.0
2026-09-27_1124,47,1063,4000,2026-08-28,63.0,30.0,1,63.0,3.15,59.85,5.99,65.84,29.85,29.85
2026-09-26_1125,8,1069,4000,2026-08-27,55.0,37.0,9,495.0,24.75,470.25,47.03,517.28,137.25,137.25
2026-09-26_1125,8,1037,4000,2026-08-27,90.0,55.0,6,540.0,27.0,513.0,51.3,564.3,183.0,183.0
2026-09-14_1126,33,1004,4000,2026-08-15,93.0,67.0,1,93.0,4.65,88.35,8.84,97.19,21.35,21.35
2026-09-14_1126,33,1082,4000,2026-08-15,77.0,60.0,7,539.0,26.95,512.05,51.21,563.26,92.05,92.05
2026-10-02_1127,44,1017,4000,2026-09-02,100.0,75.0,4,400.0,20.0,380.0,38.0,418.0,80.0,80.0
2026-10-02_1127,44,1097,4000,2026-09-02,64.0,38.0,7,448.0,22.4,425.6,42.56,468.16,159.6,159.6
2026-09-29_1128,2,1043,4000,2026-08-30,92.0,71.0,10,920.0,46.0,874.0,87.4,961.4,164.0,164.0
2026-09-29_1128,2,1000,4000,2026-08-30,70.0,46.0,5,350.0,17.5,332.5,33.25,365.75,102.5,102.5
2026-09-30_1129,44,1089,4000,2026-08-31,53.0,15.0,9,477.0,23.85,453.15,45.32,498.47,318.15,318.15
2026-09-30_1129,44,1005,4000,2026-08-31,68.0,58.0,8,544.0,27.2,516.8,51.68,568.48,52.8,52.8
2026-10-01_1130,42,1035,4000,2026-09-01,88.0,76.0,4,352.0,17.6,334.4,33.44,367.84,30.4,30.4
2026-10-01_1130,42,1050,4000,2026-09-01,58.0,26.0,3,174.0,8.7,165.3,16.53,181.83,87.3,87.3
2026-09-29_1131,5,1061,4000,2026-08-30,67.0,30.0,10,670.0,33.5,636.5,63.65,700.15,336.5,336.5
2026-09-29_1131,5,1082,4000,2026-08-30,77.0,60.0,6,462.0,23.1,438.9,43.89,482.79,78.9,78.9
2026-09-23_1132,15,1096,4000,2026-08-24,51.0,39.0,6,306.0,15.3,290.7,29.07,319.77,56.7,56.7
2026-09-23_1132,15,1000,4000,2026-08-24,70.0,46.0,6,420.0,21.0,399.0,39.9,438.9,123.0,123.0
2026-10-02_1133,28,1020,4000,2026-09-02,74.0,37.0,1,74.0,3.7,70.3,7.03,77.33,33.3,33.3
2026-10-02_1133,28,1072,4000,2026-09-02,77.0,45.0,5,385.0,19.25,365.75,36.58,402.33,140.75,140.75
2026-09-24_1134,45,1014,4000,2026-08-25,74.0,59.0,8,592.0,29.6,562.4,56.24,618.64,90.4,90.4
2026-09-24_1134,45,1055,4000,2026-08-25,51.0,14.0,2,102.0,5.1,96.9,9.69,106.59,68.9,68.9
2026-09-29_1135,25,1045,4000,2026-08-30,84.0,54.0,10,840.0,42.0,798.0,79.8,877.8,258.0,258.0
2026-09-29_1135,25,1044,4000,2026-08-30,83.0,49.0,5,415.0,20.75,394.25,39.43,433.68,149.25,149.25
2026-09-28_1136,14,1083,4000,2026-08-29,81.0,44.0,4,324.0,16.2,307.8,30.78,338.58,131.8,131.8
2026-09-28_1136,14,1003,4000,2026-08-29,84.0,66.0,6,504.0,25.2,478.8,47.88,526.68,82.8,82.8
2026-09-22_1137,34,1005,4000,2026-08-23,68.0,58.0,2,136.0,6.8,129.2,12.92,142.12,13.2,13.2
2026-09-22_1137,34,1085,4000,2026-08-23,83.0,46.0,7,581.0,29.05,551.95,55.2,607.15,229.95,229.95
2026-09-18_1138,42,1030,4000,2026-08-19,58.0,46.0,5,290.0,14.5,275.5,27.55,303.05,45.5,45.5
2026-09-18_1138,42,1029,4000,2026-08-19,82.0,61.0,6,492.0,24.6,467.4,46.74,514.14,101.4,101.4
2026-09-22_1139,6,1009,4000,2026-08-23,60.0,30.0,6,360.0,18.0,342.0,34.2,376.2,162.0,162.0
2026-09-22_1139,6,1075,4000,2026-08-23,80.0,64.0,8,640.0,32.0,608.0,60.8,668.8,96.0,96.0
2026-09-21_1140,34,1006,4000,2026-08-22,71.0,46.0,4,284.0,14.2,269.8,26.98,296.78,85.8,85.8
2026-09-21_1140,34,1011,4000,2026-08-22,82.0,69.0,9,738.0,36.9,701.1,70.11,771.21,80.1,80.1
2026-09-19_1141,11,1018,4000,2026-08-20,81.0,54.0,2,162.0,8.1,153.9,15.39,169.29,45.9,45.9
2026-09-19_1141,11,1073,4000,2026-08-20,58.0,30.0,6,348.0,17.4,330.6,33.06,363.66,150.6,150.6
2026-09-18_1142,16,1057,4000,2026-08-19,65.0,39.0,3,195.0,9.75,185.25,18.53,203.78,68.25,68.25
2026-09-18_1142,16,1083,4000,2026-08-19,81.0,44.0,4,324.0,16.2,307.8,30.78,338.58,131.8,131.8
2026-09-18_1143,25,1037,4000,2026-08-19,90.0,55.0,7,630.0,31.5,598.5,59.85,658.35,213.5,213.5
2026-09-18_1143,25,1071,4000,2026-08-19,77.0,39.0,2,154.0,7.7,146.3,14.63,160.93,68.3,68.3
2026-09-29_1144,20,1014,4000,2026-08-30,74.0,59.0,3,222.0,11.1,210.9,21.09,231.99,33.9,33.9
2026-09-29_1144,20,1045,4000,2026-08-30,84.0,54.0,2,168.0,8.4,159.6,15.96,175.56,51.6,51.6
2026-09-05_1145,25,1092,4000,2026-08-06,51.0,14.0,2,102.0,5.1,96.9,9.69,106.59,68.9,68.9
2026-09-05_1145,25,1049,4000,2026-08-06,75.0,54.0,10,750.0,37.5,712.5,71.25,783.75,172.5,172.5
2026-09-19_1146,38,1052,4000,2026-08-20,89.0,77.0,1,89.0,4.45,84.55,8.46,93.01,7.55,7.55
2026-09-19_1146,38,1075,4000,2026-08-20,80.0,64.0,9,720.0,36.0,684.0,68.4,752.4,108.0,108.0
2026-10-02_1147,24,1010,4000,2026-09-02,82.0,58.0,10,820.0,41.0,779.0,77.9,856.9,199.0,199.0
2026-10-02_1147,24,1011,4000,2026-09-02,82.0,69.0,6,492.0,24.6,467.4,46.74,514.14,53.4,53.4
2026-09-22_1148,13,1091,4000,2026-08-23,91.0,80.0,8,728.0,36.4,691.6,69.16,760.76,51.6,51.6
2026-09-22_1148,13,1089,4000,2026-08-23,53.0,15.0,10,530.0,26.5,503.5,50.35,553.85,353.5,353.5
2026-09-27_1149,2,1028,4000,2026-08-28,53.0,27.0,9,477.0,23.85,453.15,45.32,498.47,210.15,210.15
2026-09-27_1149,2,1036,4000,2026-08-28,95.0,76.0,9,855.0,42.75,812.25,81.23,893.48,128.25,128.25
2026-09-27_1150,34,1089,4000,2026-08-28,53.0,15.0,3,159.0,7.95,151.05,15.11,166.16,106.05,106.05
2026-09-27_1150,34,1047,4000,2026-08-28,85.0,74.0,6,510.0,25.5,484.5,48.45,532.95,40.5,40.5
2026-09-09_1151,4,1034,4000,2026-08-10,50.0,17.0,1,50.0,2.5,47.5,4.75,52.25,30.5,30.5
2026-09-09_1151,4,1043,4000,2026-08-10,92.0,71.0,5,460.0,23.0,437.0,43.7,480.7,82.0,82.0
2026-09-21_1152,18,1067,4000,2026-08-22,71.0,56.0,3,213.0,10.65,202.35,20.24,222.59,34.35,34.35
2026-09-21_1152,18,1006,4000,2026-08-22,71.0,46.0,10,710.0,35.5,674.5,67.45,741.95,214.5,214.5
2026-09-23_1153,28,1072,4000,2026-08-24,77.0,45.0,7,539.0,26.95,512.05,51.21,563.26,197.05,197.05
2026-09-23_1153,28,1019,4000,2026-08-24,100.0,72.0,4,400.0,20.0,380.0,38.0,418.0,92.0,92.0
2026-09-25_1154,15,1057,4000,2026-08-26,65.0,39.0,8,520.0,26.0,494.0,49.4,543.4,182.0,182.0
2026-09-25_1154,15,1016,4000,2026-08-26,65.0,30.0,5,325.0,16.25,308.75,30.88,339.63,158.75,158.75
2026-09-29_1155,36,1074,4000,2026-08-30,88.0,74.0,10,880.0,44.0,836.0,83.6,919.6,96.0,96.0
2026-09-29_1155,36,1069,4000,2026-08-30,55.0,37.0,3,165.0,8.25,156.75,15.68,172.43,45.75,45.75
2026-09-05_1156,48,1088,4000,2026-08-06,82.0,58.0,10,820.0,41.0,779.0,77.9,856.9,199.0,199.0
2026-09-05_1156,48,1035,4000,2026-08-06,88.0,76.0,1,88.0,4.4,83.6,8.36,91.96,7.6,7.6
2026-09-20_1157,45,1048,4000,2026-08-21,55.0,37.0,3,165.0,8.25,156.75,15.68,172.43,45.75,45.75
2026-09-20_1157,45,1098,4000,2026-08-21,72.0,37.0,7,504.0,25.2,478.8,47.88,526.68,219.8,219.8
2026-09-12_1158,43,1037,4000,2026-08-13,90.0,55.0,6,540.0,27.0,513.0,51.3,564.3,183.0,183.0
2026-09-12_1158,43,1009,4000,2026-08-13,60.0,30.0,1,60.0,3.0,57.0,5.7,62.7,27.0,27.0
2026-10-01_1159,33,1054,4000,2026-09-01,56.0,29.0,4,224.0,11.2,212.8,21.28,234.08,96.8,96.8
2026-10-01_1159,33,1062,4000,2026-09-01,60.0,47.0,5,300.0,15.0,285.0,28.5,313.5,50.0,50.0
2026-09-07_1160,20,1024,4000,2026-08-08,88.0,54.0,5,440.0,22.0,418.0,41.8,459.8,148.0,148.0
2026-09-07_1160,20,1095,4000,2026-08-08,98.0,88.0,5,490.0,24.5,465.5,46.55,512.05,25.5,25.5
2026-09-22_1161,33,1075,4000,2026-08-23,80.0,64.0,1,80.0,4.0,76.0,7.6,83.6,12.0,12.0
2026-09-22_1161,33,1096,4000,2026-08-23,51.0,39.0,8,408.0,20.4,387.6,38.76,426.36,75.6,75.6
2026-09-19_1162,37,1006,4000,2026-08-20,71.0,46.0,6,426.0,21.3,404.7,40.47,445.17,128.7,128.7
2026-09-19_1162,37,1035,4000,2026-08-20,88.0,76.0,1,88.0,4.4,83.6,8.36,91.96,7.6,7.6
2026-10-03_1163,25,1052,4000,2026-09-03,89.0,77.0,10,890.0,44.5,845.5,84.55,930.05,75.5,75.5
2026-10-03_1163,25,1081,4000,2026-09-03,81.0,56.0,2,162.0,8.1,153.9,15.39,169.29,41.9,41.9
2026-09-13_1164,42,1024,4000,2026-08-14,88.0,54.0,6,528.0,26.4,501.6,50.16,551.76,177.6,177.6
2026-09-13_1164,42,1067,4000,2026-08-14,71.0,56.0,1,71.0,3.55,67.45,6.75,74.2,11.45,11.45
2026-09-20_1165,48,1062,4000,2026-08-21,60.0,47.0,4,240.0,12.0,228.0,22.8,250.8,40.0,40.0
2026-09-20_1165,48,1075,4000,2026-08-21,80.0,64.0,4,320.0,16.0,304.0,30.4,334.4,48.0,48.0
2026-09-06_1166,44,1057,4000,2026-08-07,65.0,39.0,7,455.0,22.75,432.25,43.23,475.48,159.25,159.25
2026-09-06_1166,44,1028,4000,2026-08-07,53.0,27.0,6,318.0,15.9,302.1,30.21,332.31,140.1,140.1
2026-09-14_1167,16,1055,4000,2026-08-15,51.0,14.0,5,255.0,12.75,242.25,24.23,266.48,172.25,172.25
2026-09-14_1167,16,1029,4000,2026-08-15,82.0,61.0,2,164.0,8.2,155.8,15.58,171.38,33.8,33.8
2026-09-15_1168,5,1036,4000,2026-08-16,95.0,76.0,8,760.0,38.0,722.0,72.2,794.2,114.0,114.0
2026-09-15_1168,5,1091,4000,2026-08-16,91.0,80.0,4,364.0,18.2,345.8,34.58,380.38,25.8,25.8
2026-09-06_1169,19,1081,4000,2026-08-07,81.0,56.0,3,243.0,12.15,230.85,23.09,253.94,62.85,62.85
2026-09-06_1169,19,1051,4000,2026-08-07,97.0,81.0,6,582.0,29.1,552.9,55.29,608.19,66.9,66.9
2026-09-09_1170,23,1052,4000,2026-08-10,89.0,77.0,2,178.0,8.9,169.1,16.91,186.01,15.1,15.1
2026-09-09_1170,23,1031,4000,2026-08-10,62.0,50.0,8,496.0,24.8,471.2,47.12,518.32,71.2,71.2
2026-09-24_1171,1,1056,4000,2026-08-25,57.0,47.0,5,285.0,14.25,270.75,27.08,297.83,35.75,35.75
2026-09-24_1171,1,1044,4000,2026-08-25,83.0,49.0,4,332.0,16.6,315.4,31.54,346.94,119.4,119.4
2026-09-21_1172,30,1096,4000,2026-08-22,51.0,39.0,4,204.0,10.2,193.8,19.38,213.18,37.8,37.8
2026-09-21_1172,30,1047,4000,2026-08-22,85.0,74.0,5,425.0,21.25,403.75,40.38,444.13,33.75,33.75
2026-09-13_1173,33,1082,4000,2026-08-14,77.0,60.0,2,154.0,7.7,146.3,14.63,160.93,26.3,26.3
2026-09-13_1173,33,1084,4000,2026-08-14,77.0,45.0,9,693.0,34.65,658.35,65.84,724.19,253.35,253.35
2026-09-13_1174,13,1041,4000,2026-08-14,82.0,49.0,6,492.0,24.6,467.4,46.74,514.14,173.4,173.4
2026-09-13_1174,13,1019,4000,2026-08-14,100.0,72.0,10,1000.0,50.0,950.0,95.0,1045.0,230.0,230.0
2026-09-06_1175,11,1070,4000,2026-08-07,68.0,57.0,10,680.0,34.0,646.0,64.6,710.6,76.0,76.0
2026-09-06_1175,11,1002,4000,2026-08-07,52.0,33.0,9,468.0,23.4,444.6,44.46,489.06,147.6,147.6
2026-09-20_1176,29,1002,4000,2026-08-21,52.0,33.0,1,52.0,2.6,49.4,4.94,54.34,16.4,16.4
2026-09-20_1176,29,1010,4000,2026-08-21,82.0,58.0,8,656.0,32.8,623.2,62.32,685.52,159.2,159.2
2026-09-28_1177,13,1037,4000,2026-08-29,90.0,55.0,4,360.0,18.0,342.0,34.2,376.2,122.0,122.0
2026-09-28_1177,13,1070,4000,2026-08-29,68.0,57.0,9,612.0,30.6,581.4,58.14,639.54,68.4,68.4
2026-09-05_1178,23,1066,4000,2026-08-06,94.0,78.0,2,188.0,9.4,178.6,17.86,196.46,22.6,22.6
2026-09-05_1178,23,1053,4000,2026-08-06,65.0,49.0,5,325.0,16.25,308.75,30.88,339.63,63.75,63.75
2026-09-18_1179,45,1002,4000,2026-08-19,52.0,33.0,3,156.0,7.8,148.2,14.82,163.02,49.2,49.2
2026-09-18_1179,45,1064,4000,2026-08-19,67.0,34.0,3,201.0,10.05,190.95,19.1,210.05,88.95,88.95
2026-09-17_1180,7,1083,4000,2026-08-18,81.0,44.0,5,405.0,20.25,384.75,38.48,423.23,164.75,164.75
2026-09-17_1180,7,1089,4000,2026-08-18,53.0,15.0,4,212.0,10.6,201.4,20.14,221.54,141.4,141.4
2026-09-14_1181,4,1024,4000,2026-08-15,88.0,54.0,4,352.0,17.6,334.4,33.44,367.84,118.4,118.4
2026-09-14_1181,4,1094,4000,2026-08-15,82.0,72.0,6,492.0,24.6,467.4,46.74,514.14,35.4,35.4
2026-09-12_1182,22,1059,4000,2026-08-13,62.0,51.0,9,558.0,27.9,530.1,53.01,583.11,71.1,71.1
2026-09-12_1182,22,1002,4000,2026-08-13,52.0,33.0,6,312.0,15.6,296.4,29.64,326.04,98.4,98.4
2026-09-25_1183,26,1067,4000,2026-08-26,71.0,56.0,10,710.0,35.5,674.5,67.45,741.95,114.5,114.5
2026-09-25_1183,26,1020,4000,2026-08-26,74.0,37.0,4,296.0,14.8,281.2,28.12,309.32,133.2,133.2
2026-09-26_1184,46,1002,4000,2026-08-27,52.0,33.0,10,520.0,26.0,494.0,49.4,543.4,164.0,164.0
2026-09-26_1184,46,1063,4000,2026-08-27,63.0,30.0,1,63.0,3.15,59.85,5.99,65.84,29.85,29.85
2026-09-07_1185,19,1071,4000,2026-08-08,77.0,39.0,1,77.0,3.85,73.15,7.32,80.47,34.15,34.15
2026-09-07_1185,19,1070,4000,2026-08-08,68.0,57.0,4,272.0,13.6,258.4,25.84,284.24,30.4,30.4
2026-09-29_1186,3,1037,4000,2026-08-30,90.0,55.0,9,810.0,40.5,769.5,76.95,846.45,274.5,274.5
2026-09-29_1186,3,1011,4000,2026-08-30,82.0,69.0,3,246.0,12.3,233.7,23.37,257.07,26.7,26.7
2026-10-03_1187,5,1009,4000,2026-09-03,60.0,30.0,2,120.0,6.0,114.0,11.4,125.4,54.0,54.0
2026-10-03_1187,5,1062,4000,2026-09-03,60.0,47.0,2,120.0,6.0,114.0,11.4,125.4,20.0,20.0
2026-09-29_1188,20,1021,4000,2026-08-30,82.0,45.0,3,246.0,12.3,233.7,23.37,257.07,98.7,98.7
2026-09-29_1188,20,1038,4000,2026-08-30,77.0,55.0,7,539.0,26.95,512.05,51.21,563.26,127.05,127.05
2026-09-28_1189,39,1086,4000,2026-08-29,68.0,50.0,1,68.0,3.4,64.6,6.46,71.06,14.6,14.6
2026-09-28_1189,39,1073,4000,2026-08-29,58.0,30.0,4,232.0,11.6,220.4,22.04,242.44,100.4,100.4
2026-09-10_1190,50,1042,4000,2026-08-11,59.0,31.0,4,236.0,11.8,224.2,22.42,246.62,100.2,100.2
2026-09-10_1190,50,1096,4000,2026-08-11,51.0,39.0,1,51.0,2.55,48.45,4.85,53.3,9.45,9.45
2026-09-25_1191,1,1025,4000,2026-08-26,67.0,43.0,5,335.0,16.75,318.25,31.83,350.08,103.25,103.25
2026-09-25_1191,1,1040,4000,2026-08-26,51.0,36.0,9,459.0,22.95,436.05,43.61,479.66,112.05,112.05
2026-09-21_1192,41,1000,4000,2026-08-22,70.0,46.0,5,350.0,17.5,332.5,33.25,365.75,102.5,102.5
2026-09-21_1192,41,1089,4000,2026-08-22,53.0,15.0,2,106.0,5.3,100.7,10.07,110.77,70.7,70.7
2026-09-11_1193,44,1044,4000,2026-08-12,83.0,49.0,3,249.0,12.45,236.55,23.66,260.21,89.55,89.55
2026-09-11_1193,44,1003,4000,2026-08-12,84.0,66.0,4,336.0,16.8,319.2,31.92,351.12,55.2,55.2
2026-09-17_1194,10,1009,4000,2026-08-18,60.0,30.0,10,600.0,30.0,570.0,57.0,627.0,270.0,270.0
2026-09-17_1194,10,1079,4000,2026-08-18,64.0,39.0,7,448.0,22.4,425.6,42.56,468.16,152.6,152.6
2026-09-18_1195,39,1090,4000,2026-08-19,61.0,45.0,1,61.0,3.05,57.95,5.8,63.75,12.95,12.95
2026-09-18_1195,39,1062,4000,2026-08-19,60.0,47.0,1,60.0,3.0,57.0,5.7,62.7,10.0,10.0
2026-10-03_1196,19,1037,4000,2026-09-03,90.0,55.0,3,270.0,13.5,256.5,25.65,282.15,91.5,91.5
2026-10-03_1196,19,1094,4000,2026-09-03,82.0,72.0,1,82.0,4.1,77.9,7.79,85.69,5.9,5.9
2026-09-08_1197,50,1051,4000,2026-08-09,97.0,81.0,5,485.0,24.25,460.75,46.08,506.83,55.75,55.75
2026-09-08_1197,50,1076,4000,2026-08-09,57.0,47.0,9,513.0,25.65,487.35,48.74,536.09,64.35,64.35
2026-09-29_1198,44,1035,4000,2026-08-30,88.0,76.0,7,616.0,30.8,585.2,58.52,643.72,53.2,53.2
2026-09-29_1198,44,1075,4000,2026-08-30,80.0,64.0,5,400.0,20.0,380.0,38.0,418.0,60.0,60.0
2026-09-25_1199,24,1015,4000,2026-08-26,56.0,28.0,3,168.0,8.4,159.6,15.96,175.56,75.6,75.6
2026-09-25_1199,24,1032,4000,2026-08-26,51.0,31.0,2,102.0,5.1,96.9,9.69,106.59,34.9,34.9
2026-09-19_1200,44,1070,4000,2026-08-20,68.0,57.0,2,136.0,6.8,129.2,12.92,142.12,15.2,15.2
2026-09-19_1200,44,1049,4000,2026-08-20,75.0,54.0,8,600.0,30.0,570.0,57.0,627.0,138.0,138.0
2026-09-24_1201,34,1069,4000,2026-08-25,55.0,37.0,8,440.0,22.0,418.0,41.8,459.8,122.0,122.0
2026-09-24_1201,34,1094,4000,2026-08-25,82.0,72.0,9,738.0,36.9,701.1,70.11,771.21,53.1,53.1
2026-09-09_1202,39,1091,4000,2026-08-10,91.0,80.0,1,91.0,9.1,81.9,8.19,90.09,1.9,1.9
2026-09-09_1202,39,1004,4000,2026-08-10,93.0,67.0,2,186.0,18.6,167.4,16.74,184.14,33.4,33.4
2026-09-09_1202,39,1080,4000,2026-08-10,85.0,74.0,3,255.0,25.5,229.5,22.95,252.45,7.5,7.5
2026-09-21_1203,6,1078,4000,2026-08-22,97.0,77.0,7,679.0,67.9,611.1,61.11,672.21,72.1,72.1
2026-09-21_1203,6,1007,4000,2026-08-22,81.0,54.0,8,648.0,64.8,583.2,58.32,641.52,151.2,151.2
2026-09-21_1203,6,1038,4000,2026-08-22,77.0,55.0,1,77.0,7.7,69.3,6.93,76.23,14.3,14.3
2026-09-26_1204,17,1068,4000,2026-08-27,86.0,72.0,2,172.0,17.2,154.8,15.48,170.28,10.8,10.8
2026-09-26_1204,17,1024,4000,2026-08-27,88.0,54.0,6,528.0,52.8,475.2,47.52,522.72,151.2,151.2
2026-09-26_1204,17,1098,4000,2026-08-27,72.0,37.0,10,720.0,72.0,648.0,64.8,712.8,278.0,278.0
2026-09-26_1205,24,1002,4000,2026-08-27,52.0,33.0,1,52.0,5.2,46.8,4.68,51.48,13.8,13.8
2026-09-26_1205,24,1016,4000,2026-08-27,65.0,30.0,1,65.0,6.5,58.5,5.85,64.35,28.5,28.5
2026-09-26_1205,24,1045,4000,2026-08-27,84.0,54.0,4,336.0,33.6,302.4,30.24,332.64,86.4,86.4
2026-09-29_1206,39,1078,4000,2026-08-30,97.0,77.0,3,291.0,29.1,261.9,26.19,288.09,30.9,30.9
2026-09-29_1206,39,1087,4000,2026-08-30,72.0,58.0,1,72.0,7.2,64.8,6.48,71.28,6.8,6.8
2026-09-29_1206,39,1091,4000,2026-08-30,91.0,80.0,10,910.0,91.0,819.0,81.9,900.9,19.0,19.0
2026-10-02_1207,50,1063,4000,2026-09-02,63.0,30.0,9,567.0,56.7,510.3,51.03,561.33,240.3,240.3
2026-10-02_1207,50,1018,4000,2026-09-02,81.0,54.0,1,81.0,8.1,72.9,7.29,80.19,18.9,18.9
2026-10-02_1207,50,1071,4000,2026-09-02,77.0,39.0,8,616.0,61.6,554.4,55.44,609.84,242.4,242.4
2026-09-05_1208,1,1094,4000,2026-08-06,82.0,72.0,4,328.0,32.8,295.2,29.52,324.72,7.2,7.2
2026-09-05_1208,1,1000,4000,2026-08-06,70.0,46.0,3,210.0,21.0,189.0,18.9,207.9,51.0,51.0
2026-09-05_1208,1,1064,4000,2026-08-06,67.0,34.0,8,536.0,53.6,482.4,48.24,530.64,210.4,210.4
2026-09-22_1209,13,1000,4000,2026-08-23,70.0,46.0,1,70.0,7.0,63.0,6.3,69.3,17.0,17.0
2026-09-22_1209,13,1052,4000,2026-08-23,89.0,77.0,6,534.0,53.4,480.6,48.06,528.66,18.6,18.6
2026-09-22_1209,13,1098,4000,2026-08-23,72.0,37.0,3,216.0,21.6,194.4,19.44,213.84,83.4,83.4
2026-09-16_1210,17,1040,4000,2026-08-17,51.0,36.0,6,306.0,30.6,275.4,27.54,302.94,59.4,59.4
2026-09-16_1210,17,1018,4000,2026-08-17,81.0,54.0,3,243.0,24.3,218.7,21.87,240.57,56.7,56.7
2026-09-16_1210,17,1083,4000,2026-08-17,81.0,44.0,6,486.0,48.6,437.4,43.74,481.14,173.4,173.4
2026-09-06_1211,25,1091,4000,2026-08-07,91.0,80.0,2,182.0,18.2,163.8,16.38,180.18,3.8,3.8
2026-09-06_1211,25,1096,4000,2026-08-07,51.0,39.0,5,255.0,25.5,229.5,22.95,252.45,34.5,34.5
2026-09-06_1211,25,1094,4000,2026-08-07,82.0,72.0,6,492.0,49.2,442.8,44.28,487.08,10.8,10.8
2026-09-11_1212,34,1060,4000,2026-08-12,86.0,66.0,3,258.0,25.8,232.2,23.22,255.42,34.2,34.2
2026-09-11_1212,34,1097,4000,2026-08-12,64.0,38.0,10,640.0,64.0,576.0,57.6,633.6,196.0,196.0
2026-09-11_1212,34,1098,4000,2026-08-12,72.0,37.0,2,144.0,14.4,129.6,12.96,142.56,55.6,55.6
2026-09-18_1213,35,1051,4000,2026-08-19,97.0,81.0,7,679.0,67.9,611.1,61.11,672.21,44.1,44.1
2026-09-18_1213,35,1016,4000,2026-08-19,65.0,30.0,3,195.0,19.5,175.5,17.55,193.05,85.5,85.5
2026-09-18_1213,35,1026,4000,2026-08-19,87.0,69.0,3,261.0,26.1,234.9,23.49,258.39,27.9,27.9
2026-09-24_1214,39,1017,4000,2026-08-25,100.0,75.0,2,200.0,20.0,180.0,18.0,198.0,30.0,30.0
2026-09-24_1214,39,1027,4000,2026-08-25,71.0,32.0,10,710.0,71.0,639.0,63.9,702.9,319.0,319.0
2026-09-24_1214,39,1012,4000,2026-08-25,89.0,57.0,9,801.0,80.1,720.9,72.09,792.99,207.9,207.9
2026-09-28_1215,1,1076,4000,2026-08-29,57.0,47.0,8,456.0,45.6,410.4,41.04,451.44,34.4,34.4
2026-09-28_1215,1,1012,4000,2026-08-29,89.0,57.0,9,801.0,80.1,720.9,72.09,792.99,207.9,207.9
2026-09-28_1215,1,1071,4000,2026-08-29,77.0,39.0,2,154.0,15.4,138.6,13.86,152.46,60.6,60.6
2026-09-23_1216,42,1087,4000,2026-08-24,72.0,58.0,8,576.0,57.6,518.4,51.84,570.24,54.4,54.4
2026-09-23_1216,42,1021,4000,2026-08-24,82.0,45.0,8,656.0,65.6,590.4,59.04,649.44,230.4,230.4
2026-09-23_1216,42,1084,4000,2026-08-24,77.0,45.0,10,770.0,77.0,693.0,69.3,762.3,243.0,243.0
2026-09-18_1217,30,1031,4000,2026-08-19,62.0,50.0,6,372.0,37.2,334.8,33.48,368.28,34.8,34.8
2026-09-18_1217,30,1020,4000,2026-08-19,74.0,37.0,4,296.0,29.6,266.4,26.64,293.04,118.4,118.4
2026-09-18_1217,30,1058,4000,2026-08-19,95.0,69.0,6,570.0,57.0,513.0,51.3,564.3,99.0,99.0
2026-09-24_1218,15,1027,4000,2026-08-25,71.0,32.0,3,213.0,21.3,191.7,19.17,210.87,95.7,95.7
2026-09-24_1218,15,1036,4000,2026-08-25,95.0,76.0,3,285.0,28.5,256.5,25.65,282.15,28.5,28.5
2026-09-24_1218,15,1095,4000,2026-08-25,98.0,88.0,6,588.0,58.8,529.2,52.92,582.12,1.2,1.2
2026-09-24_1219,20,1014,4000,2026-08-25,74.0,59.0,9,666.0,66.6,599.4,59.94,659.34,68.4,68.4
2026-09-24_1219,20,1020,4000,2026-08-25,74.0,37.0,6,444.0,44.4,399.6,39.96,439.56,177.6,177.6
2026-09-24_1219,20,1057,4000,2026-08-25,65.0,39.0,1,65.0,6.5,58.5,5.85,64.35,19.5,19.5
2026-09-12_1220,41,1026,4000,2026-08-13,87.0,69.0,8,696.0,69.6,626.4,62.64,689.04,74.4,74.4
2026-09-12_1220,41,1010,4000,2026-08-13,82.0,58.0,1,82.0,8.2,73.8,7.38,81.18,15.8,15.8
2026-09-12_1220,41,1042,4000,2026-08-13,59.0,31.0,1,59.0,5.9,53.1,5.31,58.41,22.1,22.1
2026-09-23_1221,48,1067,4000,2026-08-24,71.0,56.0,9,639.0,63.9,575.1,57.51,632.61,71.1,71.1
2026-09-23_1221,48,1068,4000,2026-08-24,86.0,72.0,5,430.0,43.0,387.0,38.7,425.7,27.0,27.0
2026-09-23_1221,48,1070,4000,2026-08-24,68.0,57.0,9,612.0,61.2,550.8,55.08,605.88,37.8,37.8
2026-09-21_1222,7,1028,4000,2026-08-22,53.0,27.0,5,265.0,26.5,238.5,23.85,262.35,103.5,103.5
2026-09-21_1222,7,1030,4000,2026-08-22,58.0,46.0,1,58.0,5.8,52.2,5.22,57.42,6.2,6.2
2026-09-21_1222,7,1010,4000,2026-08-22,82.0,58.0,2,164.0,16.4,147.6,14.76,162.36,31.6,31.6
2026-09-23_1223,18,1032,4000,2026-08-24,51.0,31.0,8,408.0,40.8,367.2,36.72,403.92,119.2,119.2
2026-09-23_1223,18,1019,4000,2026-08-24,100.0,72.0,8,800.0,80.0,720.0,72.0,792.0,144.0,144.0
2026-09-23_1223,18,1005,4000,2026-08-24,68.0,58.0,4,272.0,27.2,244.8,24.48,269.28,12.8,12.8
2026-09-22_1224,42,1026,4000,2026-08-23,87.0,69.0,10,870.0,87.0,783.0,78.3,861.3,93.0,93.0
2026-09-22_1224,42,1093,4000,2026-08-23,55.0,22.0,2,110.0,11.0,99.0,9.9,108.9,55.0,55.0
2026-09-22_1224,42,1025,4000,2026-08-23,67.0,43.0,7,469.0,46.9,422.1,42.21,464.31,121.1,121.1
2026-10-03_1225,4,1086,4000,2026-09-03,68.0,50.0,5,340.0,34.0,306.0,30.6,336.6,56.0,56.0
2026-10-03_1225,4,1018,4000,2026-09-03,81.0,54.0,6,486.0,48.6,437.4,43.74,481.14,113.4,113.4
2026-10-03_1225,4,1081,4000,2026-09-03,81.0,56.0,7,567.0,56.7,510.3,51.03,561.33,118.3,118.3
2026-09-13_1226,9,1095,4000,2026-08-14,98.0,88.0,8,784.0,78.4,705.6,70.56,776.16,1.6,1.6
2026-09-13_1226,9,1058,4000,2026-08-14,95.0,69.0,7,665.0,66.5,598.5,59.85,658.35,115.5,115.5
2026-09-13_1226,9,1042,4000,2026-08-14,59.0,31.0,1,59.0,5.9,53.1,5.31,58.41,22.1,22.1
2026-09-23_1227,47,1079,4000,2026-08-24,64.0,39.0,6,384.0,38.4,345.6,34.56,380.16,111.6,111.6
2026-09-23_1227,47,1071,4000,2026-08-24,77.0,39.0,6,462.0,46.2,415.8,41.58,457.38,181.8,181.8
2026-09-23_1227,47,1081,4000,2026-08-24,81.0,56.0,1,81.0,8.1,72.9,7.29,80.19,16.9,16.9
2026-09-27_1228,5,1077,4000,2026-08-28,84.0,62.0,4,336.0,33.6,302.4,30.24,332.64,54.4,54.4
2026-09-27_1228,5,1051,4000,2026-08-28,97.0,81.0,9,873.0,87.3,785.7,78.57,864.27,56.7,56.7
2026-09-27_1228,5,1009,4000,2026-08-28,60.0,30.0,9,540.0,54.0,486.0,48.6,534.6,216.0,216.0
2026-09-19_1229,19,1061,4000,2026-08-20,67.0,30.0,2,134.0,13.4,120.6,12.06,132.66,60.6,60.6
2026-09-19_1229,19,1055,4000,2026-08-20,51.0,14.0,8,408.0,40.8,367.2,36.72,403.92,255.2,255.2
2026-09-19_1229,19,1070,4000,2026-08-20,68.0,57.0,3,204.0,20.4,183.6,18.36,201.96,12.6,12.6
2026-09-25_1230,49,1036,4000,2026-08-26,95.0,76.0,1,95.0,9.5,85.5,8.55,94.05,9.5,9.5
2026-09-25_1230,49,1096,4000,2026-08-26,51.0,39.0,4,204.0,20.4,183.6,18.36,201.96,27.6,27.6
2026-09-25_1230,49,1046,4000,2026-08-26,92.0,72.0,8,736.0,73.6,662.4,66.24,728.64,86.4,86.4
2026-09-21_1231,28,1071,4000,2026-08-22,77.0,39.0,9,693.0,69.3,623.7,62.37,686.07,272.7,272.7
2026-09-21_1231,28,1024,4000,2026-08-22,88.0,54.0,8,704.0,70.4,633.6,63.36,696.96,201.6,201.6
2026-09-21_1231,28,1000,4000,2026-08-22,70.0,46.0,10,700.0,70.0,630.0,63.0,693.0,170.0,170.0
2026-09-09_1232,43,1023,4000,2026-08-10,62.0,44.0,10,620.0,62.0,558.0,55.8,613.8,118.0,118.0
2026-09-09_1232,43,1022,4000,2026-08-10,100.0,79.0,3,300.0,30.0,270.0,27.0,297.0,33.0,33.0
2026-09-09_1232,43,1065,4000,2026-08-10,93.0,60.0,4,372.0,37.2,334.8,33.48,368.28,94.8,94.8
2026-09-12_1233,14,1029,4000,2026-08-13,82.0,61.0,1,82.0,8.2,73.8,7.38,81.18,12.8,12.8
2026-09-12_1233,14,1076,4000,2026-08-13,57.0,47.0,6,342.0,34.2,307.8,30.78,338.58,25.8,25.8
2026-09-12_1233,14,1064,4000,2026-08-13,67.0,34.0,4,268.0,26.8,241.2,24.12,265.32,105.2,105.2
2026-09-28_1234,35,1004,4000,2026-08-29,93.0,67.0,6,558.0,55.8,502.2,50.22,552.42,100.2,100.2
2026-09-28_1234,35,1051,4000,2026-08-29,97.0,81.0,7,679.0,67.9,611.1,61.11,672.21,44.1,44.1
2026-09-28_1234,35,1089,4000,2026-08-29,53.0,15.0,4,212.0,21.2,190.8,19.08,209.88,130.8,130.8
2026-09-30_1235,8,1069,4000,2026-08-31,55.0,37.0,7,385.0,38.5,346.5,34.65,381.15,87.5,87.5
2026-09-30_1235,8,1047,4000,2026-08-31,85.0,74.0,10,850.0,85.0,765.0,76.5,841.5,25.0,25.0
2026-09-30_1235,8,1014,4000,2026-08-31,74.0,59.0,8,592.0,59.2,532.8,53.28,586.08,60.8,60.8
2026-09-22_1236,41,1030,4000,2026-08-23,58.0,46.0,8,464.0,46.4,417.6,41.76,459.36,49.6,49.6
2026-09-22_1236,41,1091,4000,2026-08-23,91.0,80.0,6,546.0,54.6,491.4,49.14,540.54,11.4,11.4
2026-09-22_1236,41,1051,4000,2026-08-23,97.0,81.0,10,970.0,97.0,873.0,87.3,960.3,63.0,63.0
2026-09-24_1237,28,1093,4000,2026-08-25,55.0,22.0,10,550.0,55.0,495.0,49.5,544.5,275.0,275.0
2026-09-24_1237,28,1081,4000,2026-08-25,81.0,56.0,3,243.0,24.3,218.7,21.87,240.57,50.7,50.7
2026-09-24_1237,28,1037,4000,2026-08-25,90.0,55.0,4,360.0,36.0,324.0,32.4,356.4,104.0,104.0
2026-10-03_1238,14,1068,4000,2026-09-03,86.0,72.0,6,516.0,51.6,464.4,46.44,510.84,32.4,32.4
2026-10-03_1238,14,1083,4000,2026-09-03,81.0,44.0,8,648.0,64.8,583.2,58.32,641.52,231.2,231.2
2026-10-03_1238,14,1053,4000,2026-09-03,65.0,49.0,8,520.0,52.0,468.0,46.8,514.8,76.0,76.0
2026-09-15_1239,28,1033,4000,2026-08-16,72.0,48.0,6,432.0,43.2,388.8,38.88,427.68,100.8,100.8
2026-09-15_1239,28,1051,4000,2026-08-16,97.0,81.0,10,970.0,97.0,873.0,87.3,960.3,63.0,63.0
2026-09-15_1239,28,1048,4000,2026-08-16,55.0,37.0,7,385.0,38.5,346.5,34.65,381.15,87.5,87.5
2026-09-15_1240,20,1009,4000,2026-08-16,60.0,30.0,2,120.0,12.0,108.0,10.8,118.8,48.0,48.0
2026-09-15_1240,20,1086,4000,2026-08-16,68.0,50.0,8,544.0,54.4,489.6,48.96,538.56,89.6,89.6
2026-09-15_1240,20,1064,4000,2026-08-16,67.0,34.0,8,536.0,53.6,482.4,48.24,530.64,210.4,210.4
2026-09-15_1241,36,1019,4000,2026-08-16,100.0,72.0,1,100.0,10.0,90.0,9.0,99.0,18.0,18.0
2026-09-15_1241,36,1077,4000,2026-08-16,84.0,62.0,1,84.0,8.4,75.6,7.56,83.16,13.6,13.6
2026-09-15_1241,36,1034,4000,2026-08-16,50.0,17.0,9,450.0,45.0,405.0,40.5,445.5,252.0,252.0
2026-09-27_1242,18,1021,4000,2026-08-28,82.0,45.0,1,82.0,8.2,73.8,7.38,81.18,28.8,28.8
2026-09-27_1242,18,1015,4000,2026-08-28,56.0,28.0,10,560.0,56.0,504.0,50.4,554.4,224.0,224.0
2026-09-27_1242,18,1084,4000,2026-08-28,77.0,45.0,8,616.0,61.6,554.4,55.44,609.84,194.4,194.4
2026-09-25_1243,7,1052,4000,2026-08-26,89.0,77.0,1,89.0,8.9,80.1,8.01,88.11,3.1,3.1
2026-09-25_1243,7,1049,4000,2026-08-26,75.0,54.0,2,150.0,15.0,135.0,13.5,148.5,27.0,27.0
2026-09-25_1243,7,1081,4000,2026-08-26,81.0,56.0,4,324.0,32.4,291.6,29.16,320.76,67.6,67.6
2026-09-07_1244,45,1020,4000,2026-08-08,74.0,37.0,1,74.0,7.4,66.6,6.66,73.26,29.6,29.6
2026-09-07_1244,45,1078,4000,2026-08-08,97.0,77.0,1,97.0,9.7,87.3,8.73,96.03,10.3,10.3
2026-09-07_1244,45,1017,4000,2026-08-08,100.0,75.0,3,300.0,30.0,270.0,27.0,297.0,45.0,45.0
2026-09-30_1245,43,1029,4000,2026-08-31,82.0,61.0,6,492.0,49.2,442.8,44.28,487.08,76.8,76.8
2026-09-30_1245,43,1004,4000,2026-08-31,93.0,67.0,2,186.0,18.6,167.4,16.74,184.14,33.4,33.4
2026-09-30_1245,43,1051,4000,2026-08-31,97.0,81.0,8,776.0,77.6,698.4,69.84,768.24,50.4,50.4
2026-09-11_1246,42,1071,4000,2026-08-12,77.0,39.0,1,77.0,7.7,69.3,6.93,76.23,30.3,30.3
2026-09-11_1246,42,1087,4000,2026-08-12,72.0,58.0,2,144.0,14.4,129.6,12.96,142.56,13.6,13.6
2026-09-11_1246,42,1061,4000,2026-08-12,67.0,30.0,9,603.0,60.3,542.7,54.27,596.97,272.7,272.7
2026-09-20_1247,38,1065,4000,2026-08-21,93.0,60.0,5,465.0,46.5,418.5,41.85,460.35,118.5,118.5
2026-09-20_1247,38,1014,4000,2026-08-21,74.0,59.0,1,74.0,7.4,66.6,6.66,73.26,7.6,7.6
2026-09-20_1247,38,1098,4000,2026-08-21,72.0,37.0,6,432.0,43.2,388.8,38.88,427.68,166.8,166.8
2026-09-23_1248,39,1068,4000,2026-08-24,86.0,72.0,8,688.0,68.8,619.2,61.92,681.12,43.2,43.2
2026-09-23_1248,39,1006,4000,2026-08-24,71.0,46.0,2,142.0,14.2,127.8,12.78,140.58,35.8,35.8
2026-09-23_1248,39,1098,4000,2026-08-24,72.0,37.0,6,432.0,43.2,388.8,38.88,427.68,166.8,166.8
2026-09-17_1249,8,1087,4000,2026-08-18,72.0,58.0,10,720.0,72.0,648.0,64.8,712.8,68.0,68.0
2026-09-17_1249,8,1020,4000,2026-08-18,74.0,37.0,1,74.0,7.4,66.6,6.66,73.26,29.6,29.6
2026-09-17_1249,8,1033,4000,2026-08-18,72.0,48.0,5,360.0,36.0,324.0,32.4,356.4,84.0,84.0
2026-09-17_1250,19,1036,4000,2026-08-18,95.0,76.0,5,475.0,47.5,427.5,42.75,470.25,47.5,47.5
2026-09-17_1250,19,1024,4000,2026-08-18,88.0,54.0,7,616.0,61.6,554.4,55.44,609.84,176.4,176.4
2026-09-17_1250,19,1050,4000,2026-08-18,58.0,26.0,5,290.0,29.0,261.0,26.1,287.1,131.0,131.0
2026-09-14_1251,39,1063,4000,2026-08-15,63.0,30.0,1,63.0,6.3,56.7,5.67,62.37,26.7,26.7
2026-09-14_1251,39,1073,4000,2026-08-15,58.0,30.0,9,522.0,52.2,469.8,46.98,516.78,199.8,199.8
2026-09-14_1251,39,1024,4000,2026-08-15,88.0,54.0,3,264.0,26.4,237.6,23.76,261.36,75.6,75.6
2026-09-07_1252,7,1074,4000,2026-08-08,88.0,74.0,2,176.0,17.6,158.4,15.84,174.24,10.4,10.4
2026-09-07_1252,7,1085,4000,2026-08-08,83.0,46.0,1,83.0,8.3,74.7,7.47,82.17,28.7,28.7
2026-09-07_1252,7,1037,4000,2026-08-08,90.0,55.0,6,540.0,54.0,486.0,48.6,534.6,156.0,156.0
2026-09-08_1253,11,1085,4000,2026-08-09,83.0,46.0,7,581.0,58.1,522.9,52.29,575.19,200.9,200.9
2026-09-08_1253,11,1063,4000,2026-08-09,63.0,30.0,6,378.0,37.8,340.2,34.02,374.22,160.2,160.2
2026-09-08_1253,11,1012,4000,2026-08-09,89.0,57.0,1,89.0,8.9,80.1,8.01,88.11,23.1,23.1
2026-09-25_1254,37,1006,4000,2026-08-26,71.0,46.0,9,639.0,63.9,575.1,57.51,632.61,161.1,161.1
2026-09-25_1254,37,1040,4000,2026-08-26,51.0,36.0,5,255.0,25.5,229.5,22.95,252.45,49.5,49.5
2026-09-25_1254,37,1011,4000,2026-08-26,82.0,69.0,7,574.0,57.4,516.6,51.66,568.26,33.6,33.6
2026-09-26_1255,15,1073,4000,2026-08-27,58.0,30.0,5,290.0,29.0,261.0,26.1,287.1,111.0,111.0
2026-09-26_1255,15,1007,4000,2026-08-27,81.0,54.0,6,486.0,48.6,437.4,43.74,481.14,113.4,113.4
2026-09-26_1255,15,1055,4000,2026-08-27,51.0,14.0,8,408.0,40.8,367.2,36.72,403.92,255.2,255.2
2026-09-26_1256,15,1062,4000,2026-08-27,60.0,47.0,1,60.0,6.0,54.0,5.4,59.4,7.0,7.0
2026-09-26_1256,15,1077,4000,2026-08-27,84.0,62.0,7,588.0,58.8,529.2,52.92,582.12,95.2,95.2
2026-09-26_1256,15,1059,4000,2026-08-27,62.0,51.0,3,186.0,18.6,167.4,16.74,184.14,14.4,14.4
2026-09-25_1257,27,1094,4000,2026-08-26,82.0,72.0,1,82.0,8.2,73.8,7.38,81.18,1.8,1.8
2026-09-25_1257,27,1013,4000,2026-08-26,79.0,40.0,3,237.0,23.7,213.3,21.33,234.63,93.3,93.3
2026-09-25_1257,27,1010,4000,2026-08-26,82.0,58.0,5,410.0,41.0,369.0,36.9,405.9,79.0,79.0
2026-10-01_1258,11,1099,4000,2026-09-01,77.0,60.0,1,77.0,7.7,69.3,6.93,76.23,9.3,9.3
2026-10-01_1258,11,1077,4000,2026-09-01,84.0,62.0,2,168.0,16.8,151.2,15.12,166.32,27.2,27.2
2026-10-01_1258,11,1025,4000,2026-09-01,67.0,43.0,1,67.0,6.7,60.3,6.03,66.33,17.3,17.3
2026-09-15_1259,19,1012,4000,2026-08-16,89.0,57.0,5,445.0,44.5,400.5,40.05,440.55,115.5,115.5
2026-09-15_1259,19,1021,4000,2026-08-16,82.0,45.0,3,246.0,24.6,221.4,22.14,243.54,86.4,86.4
2026-09-15_1259,19,1060,4000,2026-08-16,86.0,66.0,3,258.0,25.8,232.2,23.22,255.42,34.2,34.2
2026-10-02_1260,24,1071,4000,2026-09-02,77.0,39.0,5,385.0,38.5,346.5,34.65,381.15,151.5,151.5
2026-10-02_1260,24,1011,4000,2026-09-02,82.0,69.0,8,656.0,65.6,590.4,59.04,649.44,38.4,38.4
2026-10-02_1260,24,1028,4000,2026-09-02,53.0,27.0,7,371.0,37.1,333.9,33.39,367.29,144.9,144.9
2026-09-14_1261,4,1060,4000,2026-08-15,86.0,66.0,1,86.0,8.6,77.4,7.74,85.14,11.4,11.4
2026-09-14_1261,4,1022,4000,2026-08-15,100.0,79.0,5,500.0,50.0,450.0,45.0,495.0,55.0,55.0
2026-09-14_1261,4,1038,4000,2026-08-15,77.0,55.0,2,154.0,15.4,138.6,13.86,152.46,28.6,28.6
2026-09-11_1262,49,1092,4000,2026-08-12,51.0,14.0,9,459.0,45.9,413.1,41.31,454.41,287.1,287.1
2026-09-11_1262,49,1043,4000,2026-08-12,92.0,71.0,2,184.0,18.4,165.6,16.56,182.16,23.6,23.6
2026-09-11_1262,49,1036,4000,2026-08-12,95.0,76.0,10,950.0,95.0,855.0,85.5,940.5,95.0,95.0
2026-09-17_1263,30,1090,4000,2026-08-18,61.0,45.0,10,610.0,61.0,549.0,54.9,603.9,99.0,99.0
2026-09-17_1263,30,1016,4000,2026-08-18,65.0,30.0,4,260.0,26.0,234.0,23.4,257.4,114.0,114.0
2026-09-17_1263,30,1005,4000,2026-08-18,68.0,58.0,10,680.0,68.0,612.0,61.2,673.2,32.0,32.0
2026-09-15_1264,41,1086,4000,2026-08-16,68.0,50.0,5,340.0,34.0,306.0,30.6,336.6,56.0,56.0
2026-09-15_1264,41,1075,4000,2026-08-16,80.0,64.0,6,480.0,48.0,432.0,43.2,475.2,48.0,48.0
2026-09-15_1264,41,1094,4000,2026-08-16,82.0,72.0,3,246.0,24.6,221.4,22.14,243.54,5.4,5.4
2026-09-11_1265,2,1087,4000,2026-08-12,72.0,58.0,6,432.0,43.2,388.8,38.88,427.68,40.8,40.8
2026-09-11_1265,2,1076,4000,2026-08-12,57.0,47.0,8,456.0,45.6,410.4,41.04,451.44,34.4,34.4
2026-09-11_1265,2,1014,4000,2026-08-12,74.0,59.0,7,518.0,51.8,466.2,46.62,512.82,53.2,53.2
2026-09-17_1266,33,1011,4000,2026-08-18,82.0,69.0,9,738.0,73.8,664.2,66.42,730.62,43.2,43.2
2026-09-17_1266,33,1081,4000,2026-08-18,81.0,56.0,2,162.0,16.2,145.8,14.58,160.38,33.8,33.8
2026-09-17_1266,33,1089,4000,2026-08-18,53.0,15.0,9,477.0,47.7,429.3,42.93,472.23,294.3,294.3
2026-09-05_1267,3,1087,4000,2026-08-06,72.0,58.0,6,432.0,43.2,388.8,38.88,427.68,40.8,40.8
2026-09-05_1267,3,1094,4000,2026-08-06,82.0,72.0,1,82.0,8.2,73.8,7.38,81.18,1.8,1.8
2026-09-05_1267,3,1051,4000,2026-08-06,97.0,81.0,4,388.0,38.8,349.2,34.92,384.12,25.2,25.2
2026-09-17_1268,19,1077,4000,2026-08-18,84.0,62.0,7,588.0,58.8,529.2,52.92,582.12,95.2,95.2
2026-09-17_1268,19,1013,4000,2026-08-18,79.0,40.0,4,316.0,31.6,284.4,28.44,312.84,124.4,124.4
2026-09-17_1268,19,1029,4000,2026-08-18,82.0,61.0,8,656.0,65.6,590.4,59.04,649.44,102.4,102.4
2026-09-10_1269,32,1086,4000,2026-08-11,68.0,50.0,8,544.0,54.4,489.6,48.96,538.56,89.6,89.6
2026-09-10_1269,32,1099,4000,2026-08-11,77.0,60.0,2,154.0,15.4,138.6,13.86,152.46,18.6,18.6
2026-09-10_1269,32,1098,4000,2026-08-11,72.0,37.0,6,432.0,43.2,388.8,38.88,427.68,166.8,166.8
2026-09-07_1270,33,1004,4000,2026-08-08,93.0,67.0,5,465.0,46.5,418.5,41.85,460.35,83.5,83.5
2026-09-07_1270,33,1045,4000,2026-08-08,84.0,54.0,4,336.0,33.6,302.4,30.24,332.64,86.4,86.4
2026-09-07_1270,33,1034,4000,2026-08-08,50.0,17.0,6,300.0,30.0,270.0,27.0,297.0,168.0,168.0
2026-09-27_1271,31,1073,4000,2026-08-28,58.0,30.0,8,464.0,46.4,417.6,41.76,459.36,177.6,177.6
2026-09-27_1271,31,1002,4000,2026-08-28,52.0,33.0,10,520.0,52.0,468.0,46.8,514.8,138.0,138.0
2026-09-27_1271,31,1015,4000,2026-08-28,56.0,28.0,5,280.0,28.0,252.0,25.2,277.2,112.0,112.0
2026-09-11_1272,15,1092,4000,2026-08-12,51.0,14.0,3,153.0,15.3,137.7,13.77,151.47,95.7,95.7
2026-09-11_1272,15,1019,4000,2026-08-12,100.0,72.0,5,500.0,50.0,450.0,45.0,495.0,90.0,90.0
2026-09-11_1272,15,1008,4000,2026-08-12,70.0,39.0,7,490.0,49.0,441.0,44.1,485.1,168.0,168.0
2026-09-18_1273,20,1067,4000,2026-08-19,71.0,56.0,2,142.0,14.2,127.8,12.78,140.58,15.8,15.8
2026-09-18_1273,20,1019,4000,2026-08-19,100.0,72.0,6,600.0,60.0,540.0,54.0,594.0,108.0,108.0
2026-09-18_1273,20,1074,4000,2026-08-19,88.0,74.0,8,704.0,70.4,633.6,63.36,696.96,41.6,41.6
2026-09-09_1274,21,1058,4000,2026-08-10,95.0,69.0,7,665.0,66.5,598.5,59.85,658.35,115.5,115.5
2026-09-09_1274,21,1030,4000,2026-08-10,58.0,46.0,5,290.0,29.0,261.0,26.1,287.1,31.0,31.0
2026-09-09_1274,21,1099,4000,2026-08-10,77.0,60.0,1,77.0,7.7,69.3,6.93,76.23,9.3,9.3
2026-09-09_1275,40,1064,4000,2026-08-10,67.0,34.0,9,603.0,60.3,542.7,54.27,596.97,236.7,236.7
2026-09-09_1275,40,1027,4000,2026-08-10,71.0,32.0,4,284.0,28.4,255.6,25.56,281.16,127.6,127.6
2026-09-09_1275,40,1022,4000,2026-08-10,100.0,79.0,4,400.0,40.0,360.0,36.0,396.0,44.0,44.0
2026-10-02_1276,35,1060,4000,2026-09-02,86.0,66.0,1,86.0,8.6,77.4,7.74,85.14,11.4,11.4
2026-10-02_1276,35,1004,4000,2026-09-02,93.0,67.0,9,837.0,83.7,753.3,75.33,828.63,150.3,150.3
2026-10-02_1276,35,1095,4000,2026-09-02,98.0,88.0,5,490.0,49.0,441.0,44.1,485.1,1.0,1.0
2026-09-30_1277,42,1058,4000,2026-08-31,95.0,69.0,4,380.0,38.0,342.0,34.2,376.2,66.0,66.0
2026-09-30_1277,42,1013,4000,2026-08-31,79.0,40.0,2,158.0,15.8,142.2,14.22,156.42,62.2,62.2
2026-09-30_1277,42,1058,4000,2026-08-31,95.0,69.0,7,665.0,66.5,598.5,59.85,658.35,115.5,115.5
2026-09-24_1278,41,1034,4000,2026-08-25,50.0,17.0,9,450.0,45.0,405.0,40.5,445.5,252.0,252.0
2026-09-24_1278,41,1008,4000,2026-08-25,70.0,39.0,9,630.0,63.0,567.0,56.7,623.7,216.0,216.0
2026-09-24_1278,41,1028,4000,2026-08-25,53.0,27.0,4,212.0,21.2,190.8,19.08,209.88,82.8,82.8
2026-09-19_1279,11,1044,4000,2026-08-20,83.0,49.0,9,747.0,74.7,672.3,67.23,739.53,231.3,231.3
2026-09-19_1279,11,1030,4000,2026-08-20,58.0,46.0,10,580.0,58.0,522.0,52.2,574.2,62.0,62.0
2026-09-19_1279,11,1002,4000,2026-08-20,52.0,33.0,1,52.0,5.2,46.8,4.68,51.48,13.8,13.8
2026-09-09_1280,25,1017,4000,2026-08-10,100.0,75.0,6,600.0,60.0,540.0,54.0,594.0,90.0,90.0
2026-09-09_1280,25,1077,4000,2026-08-10,84.0,62.0,5,420.0,42.0,378.0,37.8,415.8,68.0,68.0
2026-09-09_1280,25,1058,4000,2026-08-10,95.0,69.0,6,570.0,57.0,513.0,51.3,564.3,99.0,99.0
2026-09-16_1281,25,1094,4000,2026-08-17,82.0,72.0,5,410.0,41.0,369.0,36.9,405.9,9.0,9.0
2026-09-16_1281,25,1057,4000,2026-08-17,65.0,39.0,2,130.0,13.0,117.0,11.7,128.7,39.0,39.0
2026-09-16_1281,25,1040,4000,2026-08-17,51.0,36.0,8,408.0,40.8,367.2,36.72,403.92,79.2,79.2
2026-09-26_1282,48,1007,4000,2026-08-27,81.0,54.0,5,405.0,40.5,364.5,36.45,400.95,94.5,94.5
2026-09-26_1282,48,1095,4000,2026-08-27,98.0,88.0,1,98.0,9.8,88.2,8.82,97.02,0.2,0.2
2026-09-26_1282,48,1090,4000,2026-08-27,61.0,45.0,5,305.0,30.5,274.5,27.45,301.95,49.5,49.5
2026-09-22_1283,36,1043,4000,2026-08-23,92.0,71.0,7,644.0,64.4,579.6,57.96,637.56,82.6,82.6
2026-09-22_1283,36,1073,4000,2026-08-23,58.0,30.0,2,116.0,11.6,104.4,10.44,114.84,44.4,44.4
2026-09-22_1283,36,1061,4000,2026-08-23,67.0,30.0,6,402.0,40.2,361.8,36.18,397.98,181.8,181.8
2026-10-02_1284,3,1095,4000,2026-09-02,98.0,88.0,10,980.0,98.0,882.0,88.2,970.2,2.0,2.0
2026-10-02_1284,3,1072,4000,2026-09-02,77.0,45.0,10,770.0,77.0,693.0,69.3,762.3,243.0,243.0
2026-10-02_1284,3,1077,4000,2026-09-02,84.0,62.0,1,84.0,8.4,75.6,7.56,83.16,13.6,13.6
2026-09-23_1285,10,1061,4000,2026-08-24,67.0,30.0,1,67.0,6.7,60.3,6.03,66.33,30.3,30.3
2026-09-23_1285,10,1009,4000,2026-08-24,60.0,30.0,5,300.0,30.0,270.0,27.0,297.0,120.0,120.0
2026-09-23_1285,10,1079,4000,2026-08-24,64.0,39.0,6,384.0,38.4,345.6,34.56,380.16,111.6,111.6
2026-09-20_1286,48,1063,4000,2026-08-21,63.0,30.0,3,189.0,18.9,170.1,17.01,187.11,80.1,80.1
2026-09-20_1286,48,1018,4000,2026-08-21,81.0,54.0,4,324.0,32.4,291.6,29.16,320.76,75.6,75.6
2026-09-20_1286,48,1066,4000,2026-08-21,94.0,78.0,1,94.0,9.4,84.6,8.46,93.06,6.6,6.6
2026-09-10_1287,6,1034,4000,2026-08-11,50.0,17.0,5,250.0,25.0,225.0,22.5,247.5,140.0,140.0
2026-09-10_1287,6,1021,4000,2026-08-11,82.0,45.0,5,410.0,41.0,369.0,36.9,405.9,144.0,144.0
2026-09-10_1287,6,1094,4000,2026-08-11,82.0,72.0,10,820.0,82.0,738.0,73.8,811.8,18.0,18.0
2026-09-18_1288,21,1004,4000,2026-08-19,93.0,67.0,4,372.0,37.2,334.8,33.48,368.28,66.8,66.8
2026-09-18_1288,21,1073,4000,2026-08-19,58.0,30.0,6,348.0,34.8,313.2,31.32,344.52,133.2,133.2
2026-09-18_1288,21,1032,4000,2026-08-19,51.0,31.0,4,204.0,20.4,183.6,18.36,201.96,59.6,59.6
2026-09-10_1289,25,1066,4000,2026-08-11,94.0,78.0,4,376.0,37.6,338.4,33.84,372.24,26.4,26.4
2026-09-10_1289,25,1013,4000,2026-08-11,79.0,40.0,5,395.0,39.5,355.5,35.55,391.05,155.5,155.5
2026-09-10_1289,25,1093,4000,2026-08-11,55.0,22.0,3,165.0,16.5,148.5,14.85,163.35,82.5,82.5
2026-09-25_1290,47,1085,4000,2026-08-26,83.0,46.0,4,332.0,33.2,298.8,29.88,328.68,114.8,114.8
2026-09-25_1290,47,1034,4000,2026-08-26,50.0,17.0,10,500.0,50.0,450.0,45.0,495.0,280.0,280.0
2026-09-25_1290,47,1056,4000,2026-08-26,57.0,47.0,8,456.0,45.6,410.4,41.04,451.44,34.4,34.4
2026-09-27_1291,26,1072,4000,2026-08-28,77.0,45.0,4,308.0,30.8,277.2,27.72,304.92,97.2,97.2
2026-09-27_1291,26,1027,4000,2026-08-28,71.0,32.0,6,426.0,42.6,383.4,38.34,421.74,191.4,191.4
2026-09-27_1291,26,1077,4000,2026-08-28,84.0,62.0,8,672.0,67.2,604.8,60.48,665.28,108.8,108.8
2026-09-08_1292,35,1050,4000,2026-08-09,58.0,26.0,5,290.0,29.0,261.0,26.1,287.1,131.0,131.0
2026-09-08_1292,35,1023,4000,2026-08-09,62.0,44.0,5,310.0,31.0,279.0,27.9,306.9,59.0,59.0
2026-09-08_1292,35,1046,4000,2026-08-09,92.0,72.0,4,368.0,36.8,331.2,33.12,364.32,43.2,43.2
2026-09-07_1293,8,1033,4000,2026-08-08,72.0,48.0,2,144.0,14.4,129.6,12.96,142.56,33.6,33.6
2026-09-07_1293,8,1060,4000,2026-08-08,86.0,66.0,7,602.0,60.2,541.8,54.18,595.98,79.8,79.8
2026-09-07_1293,8,1097,4000,2026-08-08,64.0,38.0,8,512.0,51.2,460.8,46.08,506.88,156.8,156.8
2026-09-15_1294,44,1027,4000,2026-08-16,71.0,32.0,4,284.0,28.4,255.6,25.56,281.16,127.6,127.6
2026-09-15_1294,44,1055,4000,2026-08-16,51.0,14.0,4,204.0,20.4,183.6,18.36,201.96,127.6,127.6
2026-09-15_1294,44,1014,4000,2026-08-16,74.0,59.0,5,370.0,37.0,333.0,33.3,366.3,38.0,38.0
2026-09-28_1295,41,1032,4000,2026-08-29,51.0,31.0,6,306.0,30.6,275.4,27.54,302.94,89.4,89.4
2026-09-28_1295,41,1058,4000,2026-08-29,95.0,69.0,7,665.0,66.5,598.5,59.85,658.35,115.5,115.5
2026-09-28_1295,41,1014,4000,2026-08-29,74.0,59.0,5,370.0,37.0,333.0,33.3,366.3,38.0,38.0
2026-09-26_1296,13,1062,4000,2026-08-27,60.0,47.0,3,180.0,18.0,162.0,16.2,178.2,21.0,21.0
2026-09-26_1296,13,1067,4000,2026-08-27,71.0,56.0,2,142.0,14.2,127.8,12.78,140.58,15.8,15.8
2026-09-26_1296,13,1025,4000,2026-08-27,67.0,43.0,3,201.0,20.1,180.9,18.09,198.99,51.9,51.9
2026-10-02_1297,33,1075,4000,2026-09-02,80.0,64.0,10,800.0,80.0,720.0,72.0,792.0,80.0,80.0
2026-10-02_1297,33,1018,4000,2026-09-02,81.0,54.0,1,81.0,8.1,72.9,7.29,80.19,18.9,18.9
2026-10-02_1297,33,1062,4000,2026-09-02,60.0,47.0,5,300.0,30.0,270.0,27.0,297.0,35.0,35.0
2026-09-23_1298,23,1052,4000,2026-08-24,89.0,77.0,2,178.0,17.8,160.2,16.02,176.22,6.2,6.2
2026-09-23_1298,23,1050,4000,2026-08-24,58.0,26.0,8,464.0,46.4,417.6,41.76,459.36,209.6,209.6
2026-09-23_1298,23,1037,4000,2026-08-24,90.0,55.0,8,720.0,72.0,648.0,64.8,712.8,208.0,208.0
2026-10-03_1299,4,1003,4000,2026-09-03,84.0,66.0,10,840.0,84.0,756.0,75.6,831.6,96.0,96.0
2026-10-03_1299,4,1031,4000,2026-09-03,62.0,50.0,10,620.0,62.0,558.0,55.8,613.8,58.0,58.0
2026-10-03_1299,4,1048,4000,2026-09-03,55.0,37.0,10,550.0,55.0,495.0,49.5,544.5,125.0,125.0
2026-09-25_1300,45,1030,4000,2026-08-26,58.0,46.0,2,116.0,11.6,104.4,10.44,114.84,12.4,12.4
2026-09-25_1300,45,1026,4000,2026-08-26,87.0,69.0,1,87.0,8.7,78.3,7.83,86.13,9.3,9.3
2026-09-25_1300,45,1081,4000,2026-08-26,81.0,56.0,2,162.0,16.2,145.8,14.58,160.38,33.8,33.8
2026-09-30_1301,20,1073,4000,2026-08-31,58.0,30.0,9,522.0,52.2,469.8,46.98,516.78,199.8,199.8
2026-09-30_1301,20,1081,4000,2026-08-31,81.0,56.0,7,567.0,56.7,510.3,51.03,561.33,118.3,118.3
2026-09-30_1301,20,1030,4000,2026-08-31,58.0,46.0,2,116.0,11.6,104.4,10.44,114.84,12.4,12.4
2026-09-05_1302,14,1076,4000,2026-08-06,57.0,47.0,9,513.0,51.3,461.7,46.17,507.87,38.7,38.7
2026-09-05_1302,14,1027,4000,2026-08-06,71.0,32.0,2,142.0,14.2,127.8,12.78,140.58,63.8,63.8
2026-09-05_1302,14,1005,4000,2026-08-06,68.0,58.0,5,340.0,34.0,306.0,30.6,336.6,16.0,16.0
2026-09-24_1303,43,1088,4000,2026-08-25,82.0,58.0,3,246.0,24.6,221.4,22.14,243.54,47.4,47.4
2026-09-24_1303,43,1003,4000,2026-08-25,84.0,66.0,1,84.0,8.4,75.6,7.56,83.16,9.6,9.6
2026-09-24_1303,43,1040,4000,2026-08-25,51.0,36.0,1,51.0,5.1,45.9,4.59,50.49,9.9,9.9
2026-09-25_1304,44,1061,4000,2026-08-26,67.0,30.0,5,335.0,33.5,301.5,30.15,331.65,151.5,151.5
2026-09-25_1304,44,1074,4000,2026-08-26,88.0,74.0,7,616.0,61.6,554.4,55.44,609.84,36.4,36.4
2026-09-25_1304,44,1097,4000,2026-08-26,64.0,38.0,6,384.0,38.4,345.6,34.56,380.16,117.6,117.6
2026-09-06_1305,29,1042,4000,2026-08-07,59.0,31.0,4,236.0,23.6,212.4,21.24,233.64,88.4,88.4
2026-09-06_1305,29,1062,4000,2026-08-07,60.0,47.0,3,180.0,18.0,162.0,16.2,178.2,21.0,21.0
2026-09-06_1305,29,1042,4000,2026-08-07,59.0,31.0,9,531.0,53.1,477.9,47.79,525.69,198.9,198.9
2026-09-25_1306,42,1020,4000,2026-08-26,74.0,37.0,1,74.0,7.4,66.6,6.66,73.26,29.6,29.6
2026-09-25_1306,42,1051,4000,2026-08-26,97.0,81.0,4,388.0,38.8,349.2,34.92,384.12,25.2,25.2
2026-09-25_1306,42,1077,4000,2026-08-26,84.0,62.0,4,336.0,33.6,302.4,30.24,332.64,54.4,54.4
2026-09-06_1307,47,1013,4000,2026-08-07,79.0,40.0,8,632.0,63.2,568.8,56.88,625.68,248.8,248.8
2026-09-06_1307,47,1065,4000,2026-08-07,93.0,60.0,1,93.0,9.3,83.7,8.37,92.07,23.7,23.7
2026-09-06_1307,47,1054,4000,2026-08-07,56.0,29.0,1,56.0,5.6,50.4,5.04,55.44,21.4,21.4
2026-09-10_1308,39,1009,4000,2026-08-11,60.0,30.0,6,360.0,36.0,324.0,32.4,356.4,144.0,144.0
2026-09-10_1308,39,1056,4000,2026-08-11,57.0,47.0,9,513.0,51.3,461.7,46.17,507.87,38.7,38.7
2026-09-10_1308,39,1055,4000,2026-08-11,51.0,14.0,6,306.0,30.6,275.4,27.54,302.94,191.4,191.4
2026-10-02_1309,5,1077,4000,2026-09-02,84.0,62.0,6,504.0,50.4,453.6,45.36,498.96,81.6,81.6
2026-10-02_1309,5,1055,4000,2026-09-02,51.0,14.0,1,51.0,5.1,45.9,4.59,50.49,31.9,31.9
2026-10-02_1309,5,1071,4000,2026-09-02,77.0,39.0,7,539.0,53.9,485.1,48.51,533.61,212.1,212.1
2026-09-30_1310,30,1062,4000,2026-08-31,60.0,47.0,9,540.0,54.0,486.0,48.6,534.6,63.0,63.0
2026-09-30_1310,30,1031,4000,2026-08-31,62.0,50.0,8,496.0,49.6,446.4,44.64,491.04,46.4,46.4
2026-09-30_1310,30,1022,4000,2026-08-31,100.0,79.0,10,1000.0,100.0,900.0,90.0,990.0,110.0,110.0
2026-09-14_1311,49,1042,4000,2026-08-15,59.0,31.0,4,236.0,23.6,212.4,21.24,233.64,88.4,88.4
2026-09-14_1311,49,1012,4000,2026-08-15,89.0,57.0,7,623.0,62.3,560.7,56.07,616.77,161.7,161.7
2026-09-14_1311,49,1034,4000,2026-08-15,50.0,17.0,2,100.0,10.0,90.0,9.0,99.0,56.0,56.0
2026-09-05_1312,45,1043,4000,2026-08-06,92.0,71.0,8,736.0,73.6,662.4,66.24,728.64,94.4,94.4
2026-09-05_1312,45,1010,4000,2026-08-06,82.0,58.0,2,164.0,16.4,147.6,14.76,162.36,31.6,31.6
2026-09-05_1312,45,1027,4000,2026-08-06,71.0,32.0,10,710.0,71.0,639.0,63.9,702.9,319.0,319.0
2026-09-09_1313,8,1070,4000,2026-08-10,68.0,57.0,10,680.0,68.0,612.0,61.2,673.2,42.0,42.0
2026-09-09_1313,8,1026,4000,2026-08-10,87.0,69.0,4,348.0,34.8,313.2,31.32,344.52,37.2,37.2
2026-09-09_1313,8,1056,4000,2026-08-10,57.0,47.0,2,114.0,11.4,102.6,10.26,112.86,8.6,8.6
2026-09-22_1314,43,1038,4000,2026-08-23,77.0,55.0,2,154.0,15.4,138.6,13.86,152.46,28.6,28.6
2026-09-22_1314,43,1075,4000,2026-08-23,80.0,64.0,6,480.0,48.0,432.0,43.2,475.2,48.0,48.0
2026-09-22_1314,43,1084,4000,2026-08-23,77.0,45.0,8,616.0,61.6,554.4,55.44,609.84,194.4,194.4
2026-09-14_1315,43,1080,4000,2026-08-15,85.0,74.0,8,680.0,68.0,612.0,61.2,673.2,20.0,20.0
2026-09-14_1315,43,1020,4000,2026-08-15,74.0,37.0,6,444.0,44.4,399.6,39.96,439.56,177.6,177.6
2026-09-14_1315,43,1074,4000,2026-08-15,88.0,74.0,6,528.0,52.8,475.2,47.52,522.72,31.2,31.2
2026-09-13_1316,45,1004,4000,2026-08-14,93.0,67.0,2,186.0,18.6,167.4,16.74,184.14,33.4,33.4
2026-09-13_1316,45,1096,4000,2026-08-14,51.0,39.0,4,204.0,20.4,183.6,18.36,201.96,27.6,27.6
2026-09-13_1316,45,1083,4000,2026-08-14,81.0,44.0,4,324.0,32.4,291.6,29.16,320.76,115.6,115.6
2026-09-17_1317,6,1045,4000,2026-08-18,84.0,54.0,1,84.0,8.4,75.6,7.56,83.16,21.6,21.6
2026-09-17_1317,6,1023,4000,2026-08-18,62.0,44.0,9,558.0,55.8,502.2,50.22,552.42,106.2,106.2
2026-09-17_1317,6,1074,4000,2026-08-18,88.0,74.0,4,352.0,35.2,316.8,31.68,348.48,20.8,20.8
2026-09-12_1318,26,1058,4000,2026-08-13,95.0,69.0,9,855.0,85.5,769.5,76.95,846.45,148.5,148.5
2026-09-12_1318,26,1026,4000,2026-08-13,87.0,69.0,7,609.0,60.9,548.1,54.81,602.91,65.1,65.1
2026-09-12_1318,26,1051,4000,2026-08-13,97.0,81.0,10,970.0,97.0,873.0,87.3,960.3,63.0,63.0
2026-09-15_1319,39,1099,4000,2026-08-16,77.0,60.0,3,231.0,23.1,207.9,20.79,228.69,27.9,27.9
2026-09-15_1319,39,1007,4000,2026-08-16,81.0,54.0,7,567.0,56.7,510.3,51.03,561.33,132.3,132.3
2026-09-15_1319,39,1023,4000,2026-08-16,62.0,44.0,3,186.0,18.6,167.4,16.74,184.14,35.4,35.4
2026-09-24_1320,28,1089,4000,2026-08-25,53.0,15.0,7,371.0,37.1,333.9,33.39,367.29,228.9,228.9
2026-09-24_1320,28,1078,4000,2026-08-25,97.0,77.0,5,485.0,48.5,436.5,43.65,480.15,51.5,51.5
2026-09-24_1320,28,1014,4000,2026-08-25,74.0,59.0,8,592.0,59.2,532.8,53.28,586.08,60.8,60.8
2026-09-05_1321,10,1081,4000,2026-08-06,81.0,56.0,5,405.0,40.5,364.5,36.45,400.95,84.5,84.5
2026-09-05_1321,10,1029,4000,2026-08-06,82.0,61.0,7,574.0,57.4,516.6,51.66,568.26,89.6,89.6
2026-09-05_1321,10,1047,4000,2026-08-06,85.0,74.0,9,765.0,76.5,688.5,68.85,757.35,22.5,22.5
2026-09-30_1322,32,1055,4000,2026-08-31,51.0,14.0,6,306.0,30.6,275.4,27.54,302.94,191.4,191.4
2026-09-30_1322,32,1016,4000,2026-08-31,65.0,30.0,4,260.0,26.0,234.0,23.4,257.4,114.0,114.0
2026-09-30_1322,32,1005,4000,2026-08-31,68.0,58.0,5,340.0,34.0,306.0,30.6,336.6,16.0,16.0
2026-09-26_1323,36,1053,4000,2026-08-27,65.0,49.0,5,325.0,32.5,292.5,29.25,321.75,47.5,47.5
2026-09-26_1323,36,1021,4000,2026-08-27,82.0,45.0,9,738.0,73.8,664.2,66.42,730.62,259.2,259.2
2026-09-26_1323,36,1061,4000,2026-08-27,67.0,30.0,3,201.0,20.1,180.9,18.09,198.99,90.9,90.9
2026-10-01_1324,48,1078,4000,2026-09-01,97.0,77.0,4,388.0,38.8,349.2,34.92,384.12,41.2,41.2
2026-10-01_1324,48,1014,4000,2026-09-01,74.0,59.0,10,740.0,74.0,666.0,66.6,732.6,76.0,76.0
2026-10-01_1324,48,1025,4000,2026-09-01,67.0,43.0,6,402.0,40.2,361.8,36.18,397.98,103.8,103.8
2026-09-27_1325,27,1051,4000,2026-08-28,97.0,81.0,6,582.0,58.2,523.8,52.38,576.18,37.8,37.8
2026-09-27_1325,27,1056,4000,2026-08-28,57.0,47.0,2,114.0,11.4,102.6,10.26,112.86,8.6,8.6
2026-09-27_1325,27,1012,4000,2026-08-28,89.0,57.0,10,890.0,89.0,801.0,80.1,881.1,231.0,231.0
2026-09-19_1326,6,1056,4000,2026-08-20,57.0,47.0,9,513.0,51.3,461.7,46.17,507.87,38.7,38.7
2026-09-19_1326,6,1097,4000,2026-08-20,64.0,38.0,4,256.0,25.6,230.4,23.04,253.44,78.4,78.4
2026-09-19_1326,6,1039,4000,2026-08-20,89.0,52.0,6,534.0,53.4,480.6,48.06,528.66,168.6,168.6
2026-09-24_1327,16,1035,4000,2026-08-25,88.0,76.0,4,352.0,35.2,316.8,31.68,348.48,12.8,12.8
2026-09-24_1327,16,1028,4000,2026-08-25,53.0,27.0,2,106.0,10.6,95.4,9.54,104.94,41.4,41.4
2026-09-24_1327,16,1042,4000,2026-08-25,59.0,31.0,10,590.0,59.0,531.0,53.1,584.1,221.0,221.0
2026-09-20_1328,35,1050,4000,2026-08-21,58.0,26.0,1,58.0,5.8,52.2,5.22,57.42,26.2,26.2
2026-09-20_1328,35,1063,4000,2026-08-21,63.0,30.0,4,252.0,25.2,226.8,22.68,249.48,106.8,106.8
2026-09-20_1328,35,1050,4000,2026-08-21,58.0,26.0,5,290.0,29.0,261.0,26.1,287.1,131.0,131.0
2026-09-23_1329,24,1074,4000,2026-08-24,88.0,74.0,4,352.0,35.2,316.8,31.68,348.48,20.8,20.8
2026-09-23_1329,24,1004,4000,2026-08-24,93.0,67.0,2,186.0,18.6,167.4,16.74,184.14,33.4,33.4
2026-09-23_1329,24,1079,4000,2026-08-24,64.0,39.0,7,448.0,44.8,403.2,40.32,443.52,130.2,130.2
2026-09-17_1330,45,1000,4000,2026-08-18,70.0,46.0,10,700.0,70.0,630.0,63.0,693.0,170.0,170.0
2026-09-17_1330,45,1085,4000,2026-08-18,83.0,46.0,5,415.0,41.5,373.5,37.35,410.85,143.5,143.5
2026-09-17_1330,45,1014,4000,2026-08-18,74.0,59.0,10,740.0,74.0,666.0,66.6,732.6,76.0,76.0
2026-09-07_1331,20,1031,4000,2026-08-08,62.0,50.0,6,372.0,37.2,334.8,33.48,368.28,34.8,34.8
2026-09-07_1331,20,1088,4000,2026-08-08,82.0,58.0,3,246.0,24.6,221.4,22.14,243.54,47.4,47.4
2026-09-07_1331,20,1088,4000,2026-08-08,82.0,58.0,1,82.0,8.2,73.8,7.38,81.18,15.8,15.8
2026-09-09_1332,12,1034,4000,2026-08-10,50.0,17.0,1,50.0,5.0,45.0,4.5,49.5,28.0,28.0
2026-09-09_1332,12,1097,4000,2026-08-10,64.0,38.0,9,576.0,57.6,518.4,51.84,570.24,176.4,176.4
2026-09-09_1332,12,1091,4000,2026-08-10,91.0,80.0,5,455.0,45.5,409.5,40.95,450.45,9.5,9.5
2026-09-29_1333,30,1076,4000,2026-08-30,57.0,47.0,2,114.0,11.4,102.6,10.26,112.86,8.6,8.6
2026-09-29_1333,30,1009,4000,2026-08-30,60.0,30.0,7,420.0,42.0,378.0,37.8,415.8,168.0,168.0
2026-09-29_1333,30,1066,4000,2026-08-30,94.0,78.0,10,940.0,94.0,846.0,84.6,930.6,66.0,66.0
2026-09-16_1334,19,1010,4000,2026-08-17,82.0,58.0,3,246.0,24.6,221.4,22.14,243.54,47.4,47.4
2026-09-16_1334,19,1067,4000,2026-08-17,71.0,56.0,2,142.0,14.2,127.8,12.78,140.58,15.8,15.8
2026-09-16_1334,19,1054,4000,2026-08-17,56.0,29.0,1,56.0,5.6,50.4,5.04,55.44,21.4,21.4
2026-09-30_1335,5,1054,4000,2026-08-31,56.0,29.0,10,560.0,56.0,504.0,50.4,554.4,214.0,214.0
2026-09-30_1335,5,1077,4000,2026-08-31,84.0,62.0,1,84.0,8.4,75.6,7.56,83.16,13.6,13.6
2026-09-30_1335,5,1008,4000,2026-08-31,70.0,39.0,5,350.0,35.0,315.0,31.5,346.5,120.0,120.0
2026-09-23_1336,36,1098,4000,2026-08-24,72.0,37.0,1,72.0,7.2,64.8,6.48,71.28,27.8,27.8
2026-09-23_1336,36,1013,4000,2026-08-24,79.0,40.0,7,553.0,55.3,497.7,49.77,547.47,217.7,217.7
2026-09-23_1336,36,1015,4000,2026-08-24,56.0,28.0,10,560.0,56.0,504.0,50.4,554.4,224.0,224.0
2026-09-18_1337,30,1030,4000,2026-08-19,58.0,46.0,4,232.0,23.2,208.8,20.88,229.68,24.8,24.8
2026-09-18_1337,30,1087,4000,2026-08-19,72.0,58.0,5,360.0,36.0,324.0,32.4,356.4,34.0,34.0
2026-09-18_1337,30,1019,4000,2026-08-19,100.0,72.0,1,100.0,10.0,90.0,9.0,99.0,18.0,18.0
2026-09-08_1338,15,1011,4000,2026-08-09,82.0,69.0,9,738.0,73.8,664.2,66.42,730.62,43.2,43.2
2026-09-08_1338,15,1036,4000,2026-08-09,95.0,76.0,6,570.0,57.0,513.0,51.3,564.3,57.0,57.0
2026-09-08_1338,15,1059,4000,2026-08-09,62.0,51.0,4,248.0,24.8,223.2,22.32,245.52,19.2,19.2
2026-09-24_1339,19,1084,4000,2026-08-25,77.0,45.0,2,154.0,15.4,138.6,13.86,152.46,48.6,48.6
2026-09-24_1339,19,1092,4000,2026-08-25,51.0,14.0,4,204.0,20.4,183.6,18.36,201.96,127.6,127.6
2026-09-24_1339,19,1015,4000,2026-08-25,56.0,28.0,4,224.0,22.4,201.6,20.16,221.76,89.6,89.6
2026-09-14_1340,44,1090,4000,2026-08-15,61.0,45.0,1,61.0,6.1,54.9,5.49,60.39,9.9,9.9
2026-09-14_1340,44,1069,4000,2026-08-15,55.0,37.0,2,110.0,11.0,99.0,9.9,108.9,25.0,25.0
2026-09-14_1340,44,1062,4000,2026-08-15,60.0,47.0,1,60.0,6.0,54.0,5.4,59.4,7.0,7.0
2026-09-15_1341,14,1055,4000,2026-08-16,51.0,14.0,8,408.0,40.8,367.2,36.72,403.92,255.2,255.2
2026-09-15_1341,14,1056,4000,2026-08-16,57.0,47.0,1,57.0,5.7,51.3,5.13,56.43,4.3,4.3
2026-09-15_1341,14,1040,4000,2026-08-16,51.0,36.0,2,102.0,10.2,91.8,9.18,100.98,19.8,19.8
2026-09-28_1342,22,1016,4000,2026-08-29,65.0,30.0,5,325.0,32.5,292.5,29.25,321.75,142.5,142.5
2026-09-28_1342,22,1088,4000,2026-08-29,82.0,58.0,1,82.0,8.2,73.8,7.38,81.18,15.8,15.8
2026-09-28_1342,22,1018,4000,2026-08-29,81.0,54.0,9,729.0,72.9,656.1,65.61,721.71,170.1,170.1
2026-09-13_1343,22,1028,4000,2026-08-14,53.0,27.0,6,318.0,31.8,286.2,28.62,314.82,124.2,124.2
2026-09-13_1343,22,1078,4000,2026-08-14,97.0,77.0,2,194.0,19.4,174.6,17.46,192.06,20.6,20.6
2026-09-13_1343,22,1085,4000,2026-08-14,83.0,46.0,8,664.0,66.4,597.6,59.76,657.36,229.6,229.6
2026-09-17_1344,34,1084,4000,2026-08-18,77.0,45.0,6,462.0,46.2,415.8,41.58,457.38,145.8,145.8
2026-09-17_1344,34,1069,4000,2026-08-18,55.0,37.0,8,440.0,44.0,396.0,39.6,435.6,100.0,100.0
2026-09-17_1344,34,1099,4000,2026-08-18,77.0,60.0,5,385.0,38.5,346.5,34.65,381.15,46.5,46.5
2026-09-15_1345,22,1099,4000,2026-08-16,77.0,60.0,10,770.0,77.0,693.0,69.3,762.3,93.0,93.0
2026-09-15_1345,22,1080,4000,2026-08-16,85.0,74.0,8,680.0,68.0,612.0,61.2,673.2,20.0,20.0
2026-09-15_1345,22,1098,4000,2026-08-16,72.0,37.0,9,648.0,64.8,583.2,58.32,641.52,250.2,250.2
2026-09-05_1346,24,1032,4000,2026-08-06,51.0,31.0,3,153.0,15.3,137.7,13.77,151.47,44.7,44.7
2026-09-05_1346,24,1031,4000,2026-08-06,62.0,50.0,9,558.0,55.8,502.2,50.22,552.42,52.2,52.2
2026-09-05_1346,24,1063,4000,2026-08-06,63.0,30.0,8,504.0,50.4,453.6,45.36,498.96,213.6,213.6
2026-10-02_1347,44,1036,4000,2026-09-02,95.0,76.0,3,285.0,28.5,256.5,25.65,282.15,28.5,28.5
2026-10-02_1347,44,1065,4000,2026-09-02,93.0,60.0,4,372.0,37.2,334.8,33.48,368.28,94.8,94.8
2026-10-02_1347,44,1096,4000,2026-09-02,51.0,39.0,2,102.0,10.2,91.8,9.18,100.98,13.8,13.8
2026-09-18_1348,46,1006,4000,2026-08-19,71.0,46.0,6,426.0,42.6,383.4,38.34,421.74,107.4,107.4
2026-09-18_1348,46,1058,4000,2026-08-19,95.0,69.0,4,380.0,38.0,342.0,34.2,376.2,66.0,66.0
2026-09-18_1348,46,1021,4000,2026-08-19,82.0,45.0,1,82.0,8.2,73.8,7.38,81.18,28.8,28.8
2026-09-30_1349,2,1055,4000,2026-08-31,51.0,14.0,4,204.0,20.4,183.6,18.36,201.96,127.6,127.6
2026-09-30_1349,2,1068,4000,2026-08-31,86.0,72.0,4,344.0,34.4,309.6,30.96,340.56,21.6,21.6
2026-09-30_1349,2,1050,4000,2026-08-31,58.0,26.0,2,116.0,11.6,104.4,10.44,114.84,52.4,52.4
2026-09-18_1350,27,1064,4000,2026-08-19,67.0,34.0,3,201.0,20.1,180.9,18.09,198.99,78.9,78.9
2026-09-18_1350,27,1081,4000,2026-08-19,81.0,56.0,4,324.0,32.4,291.6,29.16,320.76,67.6,67.6
2026-09-18_1350,27,1025,4000,2026-08-19,67.0,43.0,2,134.0,13.4,120.6,12.06,132.66,34.6,34.6
2026-09-11_1351,38,1085,4000,2026-08-12,83.0,46.0,2,166.0,16.6,149.4,14.94,164.34,57.4,57.4
2026-09-11_1351,38,1099,4000,2026-08-12,77.0,60.0,8,616.0,61.6,554.4,55.44,609.84,74.4,74.4
2026-09-11_1351,38,1043,4000,2026-08-12,92.0,71.0,6,552.0,55.2,496.8,49.68,546.48,70.8,70.8
2026-10-03_1352,13,1054,4000,2026-09-03,56.0,29.0,7,392.0,39.2,352.8,35.28,388.08,149.8,149.8
2026-10-03_1352,13,1010,4000,2026-09-03,82.0,58.0,1,82.0,8.2,73.8,7.38,81.18,15.8,15.8
2026-10-03_1352,13,1033,4000,2026-09-03,72.0,48.0,2,144.0,14.4,129.6,12.96,142.56,33.6,33.6
2026-09-12_1353,45,1003,4000,2026-08-13,84.0,66.0,5,420.0,42.0,378.0,37.8,415.8,48.0,48.0
2026-09-12_1353,45,1021,4000,2026-08-13,82.0,45.0,9,738.0,73.8,664.2,66.42,730.62,259.2,259.2
2026-09-12_1353,45,1008,4000,2026-08-13,70.0,39.0,6,420.0,42.0,378.0,37.8,415.8,144.0,144.0
2026-09-09_1354,34,1067,4000,2026-08-10,71.0,56.0,1,71.0,7.1,63.9,6.39,70.29,7.9,7.9
2026-09-09_1354,34,1049,4000,2026-08-10,75.0,54.0,7,525.0,52.5,472.5,47.25,519.75,94.5,94.5
2026-09-09_1354,34,1039,4000,2026-08-10,89.0,52.0,2,178.0,17.8,160.2,16.02,176.22,56.2,56.2
2026-09-05_1355,35,1046,4000,2026-08-06,92.0,72.0,3,276.0,27.6,248.4,24.84,273.24,32.4,32.4
2026-09-05_1355,35,1073,4000,2026-08-06,58.0,30.0,8,464.0,46.4,417.6,41.76,459.36,177.6,177.6
2026-09-05_1355,35,1069,4000,2026-08-06,55.0,37.0,9,495.0,49.5,445.5,44.55,490.05,112.5,112.5
2026-09-27_1356,13,1003,4000,2026-08-28,84.0,66.0,5,420.0,42.0,378.0,37.8,415.8,48.0,48.0
2026-09-27_1356,13,1014,4000,2026-08-28,74.0,59.0,10,740.0,74.0,666.0,66.6,732.6,76.0,76.0
2026-09-27_1356,13,1022,4000,2026-08-28,100.0,79.0,1,100.0,10.0,90.0,9.0,99.0,11.0,11.0
2026-09-14_1357,7,1057,4000,2026-08-15,65.0,39.0,6,390.0,39.0,351.0,35.1,386.1,117.0,117.0
2026-09-14_1357,7,1033,4000,2026-08-15,72.0,48.0,10,720.0,72.0,648.0,64.8,712.8,168.0,168.0
2026-09-14_1357,7,1085,4000,2026-08-15,83.0,46.0,2,166.0,16.6,149.4,14.94,164.34,57.4,57.4
2026-09-15_1358,42,1056,4000,2026-08-16,57.0,47.0,2,114.0,11.4,102.6,10.26,112.86,8.6,8.6
2026-09-15_1358,42,1039,4000,2026-08-16,89.0,52.0,3,267.0,26.7,240.3,24.03,264.33,84.3,84.3
2026-09-15_1358,42,1072,4000,2026-08-16,77.0,45.0,6,462.0,46.2,415.8,41.58,457.38,145.8,145.8
2026-10-03_1359,41,1055,4000,2026-09-03,51.0,14.0,9,459.0,45.9,413.1,41.31,454.41,287.1,287.1
2026-10-03_1359,41,1032,4000,2026-09-03,51.0,31.0,5,255.0,25.5,229.5,22.95,252.45,74.5,74.5
2026-10-03_1359,41,1078,4000,2026-09-03,97.0,77.0,4,388.0,38.8,349.2,34.92,384.12,41.2,41.2
2026-10-02_1360,43,1038,4000,2026-09-02,77.0,55.0,8,616.0,61.6,554.4,55.44,609.84,114.4,114.4
2026-10-02_1360,43,1023,4000,2026-09-02,62.0,44.0,10,620.0,62.0,558.0,55.8,613.8,118.0,118.0
2026-10-02_1360,43,1047,4000,2026-09-02,85.0,74.0,1,85.0,8.5,76.5,7.65,84.15,2.5,2.5
2026-09-27_1361,30,1020,4000,2026-08-28,74.0,37.0,1,74.0,7.4,66.6,6.66,73.26,29.6,29.6
2026-09-27_1361,30,1060,4000,2026-08-28,86.0,66.0,9,774.0,77.4,696.6,69.66,766.26,102.6,102.6
2026-09-27_1361,30,1010,4000,2026-08-28,82.0,58.0,4,328.0,32.8,295.2,29.52,324.72,63.2,63.2
2026-09-06_1362,12,1083,4000,2026-08-07,81.0,44.0,9,729.0,72.9,656.1,65.61,721.71,260.1,260.1
2026-09-06_1362,12,1021,4000,2026-08-07,82.0,45.0,1,82.0,8.2,73.8,7.38,81.18,28.8,28.8
2026-09-06_1362,12,1074,4000,2026-08-07,88.0,74.0,1,88.0,8.8,79.2,7.92,87.12,5.2,5.2
2026-09-30_1363,33,1048,4000,2026-08-31,55.0,37.0,6,330.0,33.0,297.0,29.7,326.7,75.0,75.0
2026-09-30_1363,33,1053,4000,2026-08-31,65.0,49.0,6,390.0,39.0,351.0,35.1,386.1,57.0,57.0
2026-09-30_1363,33,1057,4000,2026-08-31,65.0,39.0,2,130.0,13.0,117.0,11.7,128.7,39.0,39.0
2026-09-12_1364,41,1042,4000,2026-08-13,59.0,31.0,2,118.0,11.8,106.2,10.62,116.82,44.2,44.2
2026-09-12_1364,41,1013,4000,2026-08-13,79.0,40.0,3,237.0,23.7,213.3,21.33,234.63,93.3,93.3
2026-09-12_1364,41,1035,4000,2026-08-13,88.0,76.0,9,792.0,79.2,712.8,71.28,784.08,28.8,28.8
2026-10-02_1365,11,1063,4000,2026-09-02,63.0,30.0,10,630.0,63.0,567.0,56.7,623.7,267.0,267.0
2026-10-02_1365,11,1012,4000,2026-09-02,89.0,57.0,6,534.0,53.4,480.6,48.06,528.66,138.6,138.6
2026-10-02_1365,11,1043,4000,2026-09-02,92.0,71.0,2,184.0,18.4,165.6,16.56,182.16,23.6,23.6
2026-09-12_1366,31,1020,4000,2026-08-13,74.0,37.0,6,444.0,44.4,399.6,39.96,439.56,177.6,177.6
2026-09-12_1366,31,1089,4000,2026-08-13,53.0,15.0,9,477.0,47.7,429.3,42.93,472.23,294.3,294.3
2026-09-12_1366,31,1032,4000,2026-08-13,51.0,31.0,5,255.0,25.5,229.5,22.95,252.45,74.5,74.5
2026-09-29_1367,31,1047,4000,2026-08-30,85.0,74.0,10,850.0,85.0,765.0,76.5,841.5,25.0,25.0
2026-09-29_1367,31,1022,4000,2026-08-30,100.0,79.0,6,600.0,60.0,540.0,54.0,594.0,66.0,66.0
2026-09-29_1367,31,1069,4000,2026-08-30,55.0,37.0,9,495.0,49.5,445.5,44.55,490.05,112.5,112.5
2026-10-03_1368,3,1025,4000,2026-09-03,67.0,43.0,2,134.0,13.4,120.6,12.06,132.66,34.6,34.6
2026-10-03_1368,3,1065,4000,2026-09-03,93.0,60.0,9,837.0,83.7,753.3,75.33,828.63,213.3,213.3
2026-10-03_1368,3,1050,4000,2026-09-03,58.0,26.0,3,174.0,17.4,156.6,15.66,172.26,78.6,78.6
2026-09-25_1369,22,1048,4000,2026-08-26,55.0,37.0,9,495.0,49.5,445.5,44.55,490.05,112.5,112.5
2026-09-25_1369,22,1018,4000,2026-08-26,81.0,54.0,2,162.0,16.2,145.8,14.58,160.38,37.8,37.8
2026-09-25_1369,22,1061,4000,2026-08-26,67.0,30.0,9,603.0,60.3,542.7,54.27,596.97,272.7,272.7
2026-09-22_1370,34,1025,4000,2026-08-23,67.0,43.0,6,402.0,40.2,361.8,36.18,397.98,103.8,103.8
2026-09-22_1370,34,1031,4000,2026-08-23,62.0,50.0,7,434.0,43.4,390.6,39.06,429.66,40.6,40.6
2026-09-22_1370,34,1054,4000,2026-08-23,56.0,29.0,4,224.0,22.4,201.6,20.16,221.76,85.6,85.6
2026-09-19_1371,11,1045,4000,2026-08-20,84.0,54.0,7,588.0,58.8,529.2,52.92,582.12,151.2,151.2
2026-09-19_1371,11,1036,4000,2026-08-20,95.0,76.0,6,570.0,57.0,513.0,51.3,564.3,57.0,57.0
2026-09-19_1371,11,1092,4000,2026-08-20,51.0,14.0,10,510.0,51.0,459.0,45.9,504.9,319.0,319.0
2026-09-29_1372,36,1020,4000,2026-08-30,74.0,37.0,3,222.0,22.2,199.8,19.98,219.78,88.8,88.8
2026-09-29_1372,36,1081,4000,2026-08-30,81.0,56.0,7,567.0,56.7,510.3,51.03,561.33,118.3,118.3
2026-09-29_1372,36,1008,4000,2026-08-30,70.0,39.0,4,280.0,28.0,252.0,25.2,277.2,96.0,96.0
2026-09-14_1373,31,1089,4000,2026-08-15,53.0,15.0,7,371.0,37.1,333.9,33.39,367.29,228.9,228.9
2026-09-14_1373,31,1018,4000,2026-08-15,81.0,54.0,7,567.0,56.7,510.3,51.03,561.33,132.3,132.3
2026-09-14_1373,31,1054,4000,2026-08-15,56.0,29.0,8,448.0,44.8,403.2,40.32,443.52,171.2,171.2
2026-09-28_1374,35,1078,4000,2026-08-29,97.0,77.0,6,582.0,58.2,523.8,52.38,576.18,61.8,61.8
2026-09-28_1374,35,1057,4000,2026-08-29,65.0,39.0,7,455.0,45.5,409.5,40.95,450.45,136.5,136.5
2026-09-28_1374,35,1077,4000,2026-08-29,84.0,62.0,1,84.0,8.4,75.6,7.56,83.16,13.6,13.6
2026-09-18_1375,19,1032,4000,2026-08-19,51.0,31.0,1,51.0,5.1,45.9,4.59,50.49,14.9,14.9
2026-09-18_1375,19,1075,4000,2026-08-19,80.0,64.0,4,320.0,32.0,288.0,28.8,316.8,32.0,32.0
2026-09-18_1375,19,1024,4000,2026-08-19,88.0,54.0,4,352.0,35.2,316.8,31.68,348.48,100.8,100.8
2026-09-22_1376,32,1052,4000,2026-08-23,89.0,77.0,9,801.0,80.1,720.9,72.09,792.99,27.9,27.9
2026-09-22_1376,32,1006,4000,2026-08-23,71.0,46.0,6,426.0,42.6,383.4,38.34,421.74,107.4,107.4
2026-09-22_1376,32,1088,4000,2026-08-23,82.0,58.0,8,656.0,65.6,590.4,59.04,649.44,126.4,126.4
2026-09-24_1377,31,1067,4000,2026-08-25,71.0,56.0,6,426.0,42.6,383.4,38.34,421.74,47.4,47.4
2026-09-24_1377,31,1059,4000,2026-08-25,62.0,51.0,2,124.0,12.4,111.6,11.16,122.76,9.6,9.6
2026-09-24_1377,31,1060,4000,2026-08-25,86.0,66.0,7,602.0,60.2,541.8,54.18,595.98,79.8,79.8
2026-09-25_1378,30,1032,4000,2026-08-26,51.0,31.0,4,204.0,20.4,183.6,18.36,201.96,59.6,59.6
2026-09-25_1378,30,1029,4000,2026-08-26,82.0,61.0,2,164.0,16.4,147.6,14.76,162.36,25.6,25.6
2026-09-25_1378,30,1002,4000,2026-08-26,52.0,33.0,7,364.0,36.4,327.6,32.76,360.36,96.6,96.6
2026-09-12_1379,42,1062,4000,2026-08-13,60.0,47.0,4,240.0,24.0,216.0,21.6,237.6,28.0,28.0
2026-09-12_1379,42,1029,4000,2026-08-13,82.0,61.0,8,656.0,65.6,590.4,59.04,649.44,102.4,102.4
2026-09-12_1379,42,1066,4000,2026-08-13,94.0,78.0,1,94.0,9.4,84.6,8.46,93.06,6.6,6.6
2026-09-05_1380,4,1063,4000,2026-08-06,63.0,30.0,3,189.0,18.9,170.1,17.01,187.11,80.1,80.1
2026-09-05_1380,4,1085,4000,2026-08-06,83.0,46.0,4,332.0,33.2,298.8,29.88,328.68,114.8,114.8
2026-09-05_1380,4,1057,4000,2026-08-06,65.0,39.0,2,130.0,13.0,117.0,11.7,128.7,39.0,39.0
2026-09-20_1381,26,1003,4000,2026-08-21,84.0,66.0,3,252.0,25.2,226.8,22.68,249.48,28.8,28.8
2026-09-20_1381,26,1047,4000,2026-08-21,85.0,74.0,10,850.0,85.0,765.0,76.5,841.5,25.0,25.0
2026-09-20_1381,26,1035,4000,2026-08-21,88.0,76.0,8,704.0,70.4,633.6,63.36,696.96,25.6,25.6
2026-09-05_1382,13,1071,4000,2026-08-06,77.0,39.0,3,231.0,23.1,207.9,20.79,228.69,90.9,90.9
2026-09-05_1382,13,1014,4000,2026-08-06,74.0,59.0,5,370.0,37.0,333.0,33.3,366.3,38.0,38.0
2026-09-05_1382,13,1002,4000,2026-08-06,52.0,33.0,1,52.0,5.2,46.8,4.68,51.48,13.8,13.8
2026-09-12_1383,1,1093,4000,2026-08-13,55.0,22.0,4,220.0,22.0,198.0,19.8,217.8,110.0,110.0
2026-09-12_1383,1,1072,4000,2026-08-13,77.0,45.0,9,693.0,69.3,623.7,62.37,686.07,218.7,218.7
2026-09-12_1383,1,1081,4000,2026-08-13,81.0,56.0,2,162.0,16.2,145.8,14.58,160.38,33.8,33.8
2026-09-11_1384,15,1052,4000,2026-08-12,89.0,77.0,5,445.0,44.5,400.5,40.05,440.55,15.5,15.5
2026-09-11_1384,15,1037,4000,2026-08-12,90.0,55.0,8,720.0,72.0,648.0,64.8,712.8,208.0,208.0
2026-09-11_1384,15,1099,4000,2026-08-12,77.0,60.0,4,308.0,30.8,277.2,27.72,304.92,37.2,37.2
2026-09-15_1385,39,1083,4000,2026-08-16,81.0,44.0,2,162.0,16.2,145.8,14.58,160.38,57.8,57.8
2026-09-15_1385,39,1096,4000,2026-08-16,51.0,39.0,8,408.0,40.8,367.2,36.72,403.92,55.2,55.2
2026-09-15_1385,39,1058,4000,2026-08-16,95.0,69.0,2,190.0,19.0,171.0,17.1,188.1,33.0,33.0
2026-09-07_1386,32,1013,4000,2026-08-08,79.0,40.0,5,395.0,39.5,355.5,35.55,391.05,155.5,155.5
2026-09-07_1386,32,1092,4000,2026-08-08,51.0,14.0,7,357.0,35.7,321.3,32.13,353.43,223.3,223.3
2026-09-07_1386,32,1024,4000,2026-08-08,88.0,54.0,4,352.0,35.2,316.8,31.68,348.48,100.8,100.8
2026-09-14_1387,9,1032,4000,2026-08-15,51.0,31.0,1,51.0,5.1,45.9,4.59,50.49,14.9,14.9
2026-09-14_1387,9,1056,4000,2026-08-15,57.0,47.0,5,285.0,28.5,256.5,25.65,282.15,21.5,21.5
2026-09-14_1387,9,1071,4000,2026-08-15,77.0,39.0,9,693.0,69.3,623.7,62.37,686.07,272.7,272.7
2026-09-18_1388,44,1089,4000,2026-08-19,53.0,15.0,8,424.0,42.4,381.6,38.16,419.76,261.6,261.6
2026-09-18_1388,44,1097,4000,2026-08-19,64.0,38.0,1,64.0,6.4,57.6,5.76,63.36,19.6,19.6
2026-09-18_1388,44,1084,4000,2026-08-19,77.0,45.0,4,308.0,30.8,277.2,27.72,304.92,97.2,97.2
2026-09-28_1389,23,1086,4000,2026-08-29,68.0,50.0,1,68.0,6.8,61.2,6.12,67.32,11.2,11.2
2026-09-28_1389,23,1038,4000,2026-08-29,77.0,55.0,2,154.0,15.4,138.6,13.86,152.46,28.6,28.6
2026-09-28_1389,23,1006,4000,2026-08-29,71.0,46.0,5,355.0,35.5,319.5,31.95,351.45,89.5,89.5
2026-09-25_1390,25,1023,4000,2026-08-26,62.0,44.0,3,186.0,18.6,167.4,16.74,184.14,35.4,35.4
2026-09-25_1390,25,1061,4000,2026-08-26,67.0,30.0,8,536.0,53.6,482.4,48.24,530.64,242.4,242.4
2026-09-25_1390,25,1090,4000,2026-08-26,61.0,45.0,3,183.0,18.3,164.7,16.47,181.17,29.7,29.7
2026-09-24_1391,39,1070,4000,2026-08-25,68.0,57.0,10,680.0,68.0,612.0,61.2,673.2,42.0,42.0
2026-09-24_1391,39,1067,4000,2026-08-25,71.0,56.0,5,355.0,35.5,319.5,31.95,351.45,39.5,39.5
2026-09-24_1391,39,1078,4000,2026-08-25,97.0,77.0,10,970.0,97.0,873.0,87.3,960.3,103.0,103.0
2026-10-01_1392,45,1050,4000,2026-09-01,58.0,26.0,7,406.0,40.6,365.4,36.54,401.94,183.4,183.4
2026-10-01_1392,45,1012,4000,2026-09-01,89.0,57.0,4,356.0,35.6,320.4,32.04,352.44,92.4,92.4
2026-10-01_1392,45,1015,4000,2026-09-01,56.0,28.0,5,280.0,28.0,252.0,25.2,277.2,112.0,112.0
2026-09-05_1393,47,1017,4000,2026-08-06,100.0,75.0,5,500.0,50.0,450.0,45.0,495.0,75.0,75.0
2026-09-05_1393,47,1039,4000,2026-08-06,89.0,52.0,1,89.0,8.9,80.1,8.01,88.11,28.1,28.1
2026-09-05_1393,47,1041,4000,2026-08-06,82.0,49.0,3,246.0,24.6,221.4,22.14,243.54,74.4,74.4
2026-09-25_1394,28,1075,4000,2026-08-26,80.0,64.0,9,720.0,72.0,648.0,64.8,712.8,72.0,72.0
2026-09-25_1394,28,1087,4000,2026-08-26,72.0,58.0,6,432.0,43.2,388.8,38.88,427.68,40.8,40.8
2026-09-25_1394,28,1077,4000,2026-08-26,84.0,62.0,6,504.0,50.4,453.6,45.36,498.96,81.6,81.6
2026-10-03_1395,11,1065,4000,2026-09-03,93.0,60.0,6,558.0,55.8,502.2,50.22,552.42,142.2,142.2
2026-10-03_1395,11,1006,4000,2026-09-03,71.0,46.0,10,710.0,71.0,639.0,63.9,702.9,179.0,179.0
2026-10-03_1395,11,1065,4000,2026-09-03,93.0,60.0,9,837.0,83.7,753.3,75.33,828.63,213.3,213.3
2026-09-08_1396,39,1036,4000,2026-08-09,95.0,76.0,5,475.0,47.5,427.5,42.75,470.25,47.5,47.5
2026-09-08_1396,39,1046,4000,2026-08-09,92.0,72.0,7,644.0,64.4,579.6,57.96,637.56,75.6,75.6
2026-09-08_1396,39,1045,4000,2026-08-09,84.0,54.0,1,84.0,8.4,75.6,7.56,83.16,21.6,21.6
2026-09-26_1397,15,1089,4000,2026-08-27,53.0,15.0,10,530.0,53.0,477.0,47.7,524.7,327.0,327.0
2026-09-26_1397,15,1018,4000,2026-08-27,81.0,54.0,9,729.0,72.9,656.1,65.61,721.71,170.1,170.1
2026-09-26_1397,15,1097,4000,2026-08-27,64.0,38.0,7,448.0,44.8,403.2,40.32,443.52,137.2,137.2
2026-09-11_1398,19,1098,4000,2026-08-12,72.0,37.0,3,216.0,21.6,194.4,19.44,213.84,83.4,83.4
2026-09-11_1398,19,1019,4000,2026-08-12,100.0,72.0,4,400.0,40.0,360.0,36.0,396.0,72.0,72.0
2026-09-11_1398,19,1085,4000,2026-08-12,83.0,46.0,10,830.0,83.0,747.0,74.7,821.7,287.0,287.0
2026-09-25_1399,50,1046,4000,2026-08-26,92.0,72.0,8,736.0,73.6,662.4,66.24,728.64,86.4,86.4
2026-09-25_1399,50,1068,4000,2026-08-26,86.0,72.0,10,860.0,86.0,774.0,77.4,851.4,54.0,54.0
2026-09-25_1399,50,1010,4000,2026-08-26,82.0,58.0,6,492.0,49.2,442.8,44.28,487.08,94.8,94.8
2026-09-12_1400,1,1033,4000,2026-08-13,72.0,48.0,8,576.0,57.6,518.4,51.84,570.24,134.4,134.4
2026-09-12_1400,1,1024,4000,2026-08-13,88.0,54.0,2,176.0,17.6,158.4,15.84,174.24,50.4,50.4
2026-09-12_1400,1,1060,4000,2026-08-13,86.0,66.0,10,860.0,86.0,774.0,77.4,851.4,114.0,114.0
