transaction,account_key,client_key,journal_date_key,debit_amount,credit_amount,source
Invoice - 2026-09-09_1001 ,Account Receivables,4000,2026-08-10,2788.5, ,CSV_Import
Invoice - 2026-10-02_1002 ,Account Receivables,4000,2026-09-02,1058.2, ,CSV_Import
Invoice - 2026-09-22_1003 ,Account Receivables,4000,2026-08-23,1905.2, ,CSV_Import
Invoice - 2026-10-01_1004 ,Account Receivables,4000,2026-09-01,528.0, ,CSV_Import
Invoice - 2026-10-01_1005 ,Account Receivables,4000,2026-09-01,1895.3, ,CSV_Import
Invoice - 2026-09-05_1006 ,Account Receivables,4000,2026-08-06,2057.0, ,CSV_Import
Invoice - 2026-10-03_1007 ,Account Receivables,4000,2026-09-03,818.4, ,CSV_Import
Invoice - 2026-09-28_1008 ,Account Receivables,4000,2026-08-29,1032.9, ,CSV_Import
Invoice - 2026-09-14_1009 ,Account Receivables,4000,2026-08-15,1147.3, ,CSV_Import
Invoice - 2026-09-17_1010 ,Account Receivables,4000,2026-08-18,1136.3, ,CSV_Import
Invoice - 2026-09-18_1011 ,Account Receivables,4000,2026-08-19,654.5, ,CSV_Import
Invoice - 2026-09-10_1012 ,Account Receivables,4000,2026-08-11,1438.8, ,CSV_Import
Invoice - 2026-09-19_1013 ,Account Receivables,4000,2026-08-20,1107.7, ,CSV_Import
Invoice - 2026-09-14_1014 ,Account Receivables,4000,2026-08-15,1332.1, ,CSV_Import
Invoice - 2026-09-08_1015 ,Account Receivables,4000,2026-08-09,1449.8, ,CSV_Import
Invoice - 2026-09-17_1016 ,Account Receivables,4000,2026-08-18,676.5, ,CSV_Import
Invoice - 2026-10-02_1017 ,Account Receivables,4000,2026-09-02,1039.5, ,CSV_Import
Invoice - 2026-09-15_1018 ,Account Receivables,4000,2026-08-16,1607.1, ,CSV_Import
Invoice - 2026-09-26_1019 ,Account Receivables,4000,2026-08-27,910.8, ,CSV_Import
Invoice - 2026-09-30_1020 ,Account Receivables,4000,2026-08-31,1576.3, ,CSV_Import
Invoice - 2026-09-28_1021 ,Account Receivables,4000,2026-08-29,1061.5, ,CSV_Import
Invoice - 2026-09-27_1022 ,Account Receivables,4000,2026-08-28,533.5, ,CSV_Import
Invoice - 2026-10-02_1023 ,Account Receivables,4000,2026-09-02,991.1, ,CSV_Import
Invoice - 2026-09-27_1024 ,Account Receivables,4000,2026-08-28,891.0, ,CSV_Import
Invoice - 2026-09-26_1025 ,Account Receivables,4000,2026-08-27,807.4, ,CSV_Import
Invoice - 2026-09-25_1026 ,Account Receivables,4000,2026-08-26,1482.8, ,CSV_Import
Invoice - 2026-09-23_1027 ,Account Receivables,4000,2026-08-24,1782.0, ,CSV_Import
Invoice - 2026-09-14_1028 ,Account Receivables,4000,2026-08-15,704.0, ,CSV_Import
Invoice - 2026-09-24_1029 ,Account Receivables,4000,2026-08-25,1470.7, ,CSV_Import
Invoice - 2026-09-15_1030 ,Account Receivables,4000,2026-08-16,1017.5, ,CSV_Import
Invoice - 2026-09-29_1031 ,Account Receivables,4000,2026-08-30,1141.8, ,CSV_Import
Invoice - 2026-09-12_1032 ,Account Receivables,4000,2026-08-13,1251.8, ,CSV_Import
Invoice - 2026-09-29_1033 ,Account Receivables,4000,2026-08-30,1743.5, ,CSV_Import
Invoice - 2026-09-24_1034 ,Account Receivables,4000,2026-08-25,1193.5, ,CSV_Import
Invoice - 2026-09-30_1035 ,Account Receivables,4000,2026-08-31,1574.1, ,CSV_Import
Invoice - 2026-09-30_1036 ,Account Receivables,4000,2026-08-31,1169.3, ,CSV_Import
Invoice - 2026-10-01_1037 ,Account Receivables,4000,2026-09-01,672.1, ,CSV_Import
Invoice - 2026-09-06_1038 ,Account Receivables,4000,2026-08-07,1250.7, ,CSV_Import
Invoice - 2026-09-13_1039 ,Account Receivables,4000,2026-08-14,1603.8, ,CSV_Import
Invoice - 2026-09-13_1040 ,Account Receivables,4000,2026-08-14,1057.1, ,CSV_Import
Invoice - 2026-09-07_1041 ,Account Receivables,4000,2026-08-08,1189.1, ,CSV_Import
Invoice - 2026-09-24_1042 ,Account Receivables,4000,2026-08-25,1315.6, ,CSV_Import
Invoice - 2026-09-22_1043 ,Account Receivables,4000,2026-08-23,965.8, ,CSV_Import
Invoice - 2026-09-10_1044 ,Account Receivables,4000,2026-08-11,2165.9, ,CSV_Import
Invoice - 2026-09-11_1045 ,Account Receivables,4000,2026-08-12,1256.2, ,CSV_Import
Invoice - 2026-09-11_1046 ,Account Receivables,4000,2026-08-12,1107.7, ,CSV_Import
Invoice - 2026-09-17_1047 ,Account Receivables,4000,2026-08-18,1512.5, ,CSV_Import
Invoice - 2026-09-06_1048 ,Account Receivables,4000,2026-08-07,2193.4, ,CSV_Import
Invoice - 2026-09-17_1049 ,Account Receivables,4000,2026-08-18,1371.7, ,CSV_Import
Invoice - 2026-09-15_1050 ,Account Receivables,4000,2026-08-16,1421.2, ,CSV_Import
Invoice - 2026-09-21_1051 ,Account Receivables,4000,2026-08-22,1063.7, ,CSV_Import
Invoice - 2026-09-08_1052 ,Account Receivables,4000,2026-08-09,1109.79, ,CSV_Import
Invoice - 2026-09-12_1053 ,Account Receivables,4000,2026-08-13,451.44, ,CSV_Import
Invoice - 2026-09-21_1054 ,Account Receivables,4000,2026-08-22,1212.2, ,CSV_Import
Invoice - 2026-09-11_1055 ,Account Receivables,4000,2026-08-12,1321.93, ,CSV_Import
Invoice - 2026-10-02_1056 ,Account Receivables,4000,2026-09-02,763.9, ,CSV_Import
Invoice - 2026-09-16_1057 ,Account Receivables,4000,2026-08-17,643.72, ,CSV_Import
Invoice - 2026-09-08_1058 ,Account Receivables,4000,2026-08-09,1382.54, ,CSV_Import
Invoice - 2026-09-06_1059 ,Account Receivables,4000,2026-08-07,866.31, ,CSV_Import
Invoice - 2026-09-24_1060 ,Account Receivables,4000,2026-08-25,630.14, ,CSV_Import
Invoice - 2026-10-01_1061 ,Account Receivables,4000,2026-09-01,752.4, ,CSV_Import
Invoice - 2026-09-23_1062 ,Account Receivables,4000,2026-08-24,919.6, ,CSV_Import
Invoice - 2026-10-03_1063 ,Account Receivables,4000,2026-09-03,544.45, ,CSV_Import
Invoice - 2026-09-11_1064 ,Account Receivables,4000,2026-08-12,1119.2, ,CSV_Import
Invoice - 2026-09-30_1065 ,Account Receivables,4000,2026-08-31,1162.04, ,CSV_Import
Invoice - 2026-09-09_1066 ,Account Receivables,4000,2026-08-10,901.84, ,CSV_Import
Invoice - 2026-09-09_1067 ,Account Receivables,4000,2026-08-10,1513.16, ,CSV_Import
Invoice - 2026-09-12_1068 ,Account Receivables,4000,2026-08-13,1282.22, ,CSV_Import
Invoice - 2026-09-29_1069 ,Account Receivables,4000,2026-08-30,1205.93, ,CSV_Import
Invoice - 2026-09-16_1070 ,Account Receivables,4000,2026-08-17,631.18, ,CSV_Import
Invoice - 2026-09-27_1071 ,Account Receivables,4000,2026-08-28,1492.26, ,CSV_Import
Invoice - 2026-10-03_1072 ,Account Receivables,4000,2026-09-03,512.05, ,CSV_Import
Invoice - 2026-09-11_1073 ,Account Receivables,4000,2026-08-12,1380.45, ,CSV_Import
Invoice - 2026-09-13_1074 ,Account Receivables,4000,2026-08-14,652.08, ,CSV_Import
Invoice - 2026-09-12_1075 ,Account Receivables,4000,2026-08-13,457.71, ,CSV_Import
Invoice - 2026-09-23_1076 ,Account Receivables,4000,2026-08-24,512.05, ,CSV_Import
Invoice - 2026-09-27_1077 ,Account Receivables,4000,2026-08-28,670.89, ,CSV_Import
Invoice - 2026-09-18_1078 ,Account Receivables,4000,2026-08-19,294.69, ,CSV_Import
Invoice - 2026-09-07_1079 ,Account Receivables,4000,2026-08-08,751.36, ,CSV_Import
Invoice - 2026-09-10_1080 ,Account Receivables,4000,2026-08-11,427.41, ,CSV_Import
Invoice - 2026-09-28_1081 ,Account Receivables,4000,2026-08-29,664.62, ,CSV_Import
Invoice - 2026-09-23_1082 ,Account Receivables,4000,2026-08-24,1322.97, ,CSV_Import
Invoice - 2026-09-15_1083 ,Account Receivables,4000,2026-08-16,1331.33, ,CSV_Import
Invoice - 2026-09-11_1084 ,Account Receivables,4000,2026-08-12,1187.12, ,CSV_Import
Invoice - 2026-09-17_1085 ,Account Receivables,4000,2026-08-18,1257.14, ,CSV_Import
Invoice - 2026-09-25_1086 ,Account Receivables,4000,2026-08-26,1015.74, ,CSV_Import
Invoice - 2026-09-10_1087 ,Account Receivables,4000,2026-08-11,935.28, ,CSV_Import
Invoice - 2026-09-24_1088 ,Account Receivables,4000,2026-08-25,877.8, ,CSV_Import
Invoice - 2026-09-09_1089 ,Account Receivables,4000,2026-08-10,848.54, ,CSV_Import
Invoice - 2026-09-29_1090 ,Account Receivables,4000,2026-08-30,677.16, ,CSV_Import
Invoice - 2026-09-15_1091 ,Account Receivables,4000,2026-08-16,1332.38, ,CSV_Import
Invoice - 2026-09-11_1092 ,Account Receivables,4000,2026-08-12,561.17, ,CSV_Import
Invoice - 2026-09-12_1093 ,Account Receivables,4000,2026-08-13,656.26, ,CSV_Import
Invoice - 2026-09-27_1094 ,Account Receivables,4000,2026-08-28,863.17, ,CSV_Import
Invoice - 2026-09-11_1095 ,Account Receivables,4000,2026-08-12,631.18, ,CSV_Import
Invoice - 2026-09-30_1096 ,Account Receivables,4000,2026-08-31,413.82, ,CSV_Import
Invoice - 2026-09-16_1097 ,Account Receivables,4000,2026-08-17,627.0, ,CSV_Import
Invoice - 2026-09-19_1098 ,Account Receivables,4000,2026-08-20,814.06, ,CSV_Import
Invoice - 2026-09-26_1099 ,Account Receivables,4000,2026-08-27,470.25, ,CSV_Import
Invoice - 2026-09-11_1100 ,Account Receivables,4000,2026-08-12,1353.28, ,CSV_Import
Invoice - 2026-09-10_1101 ,Account Receivables,4000,2026-08-11,638.5, ,CSV_Import
Invoice - 2026-09-27_1102 ,Account Receivables,4000,2026-08-28,830.78, ,CSV_Import
Invoice - 2026-09-14_1103 ,Account Receivables,4000,2026-08-15,635.36, ,CSV_Import
Invoice - 2026-09-10_1104 ,Account Receivables,4000,2026-08-11,822.42, ,CSV_Import
Invoice - 2026-09-09_1105 ,Account Receivables,4000,2026-08-10,1108.75, ,CSV_Import
Invoice - 2026-10-01_1106 ,Account Receivables,4000,2026-09-01,837.05, ,CSV_Import
Invoice - 2026-09-30_1107 ,Account Receivables,4000,2026-08-31,747.18, ,CSV_Import
Invoice - 2026-09-07_1108 ,Account Receivables,4000,2026-08-08,1280.13, ,CSV_Import
Invoice - 2026-09-06_1109 ,Account Receivables,4000,2026-08-07,355.3, ,CSV_Import
Invoice - 2026-10-03_1110 ,Account Receivables,4000,2026-09-03,543.4, ,CSV_Import
Invoice - 2026-10-02_1111 ,Account Receivables,4000,2026-09-02,952.0, ,CSV_Import
Invoice - 2026-09-22_1112 ,Account Receivables,4000,2026-08-23,616.55, ,CSV_Import
Invoice - 2026-09-19_1113 ,Account Receivables,4000,2026-08-20,751.36, ,CSV_Import
Invoice - 2026-09-22_1114 ,Account Receivables,4000,2026-08-23,768.08, ,CSV_Import
Invoice - 2026-09-24_1115 ,Account Receivables,4000,2026-08-25,675.07, ,CSV_Import
Invoice - 2026-09-12_1116 ,Account Receivables,4000,2026-08-13,844.36, ,CSV_Import
Invoice - 2026-10-02_1117 ,Account Receivables,4000,2026-09-02,935.28, ,CSV_Import
Invoice - 2026-09-30_1118 ,Account Receivables,4000,2026-08-31,272.75, ,CSV_Import
Invoice - 2026-09-07_1119 ,Account Receivables,4000,2026-08-08,1201.75, ,CSV_Import
Invoice - 2026-09-11_1120 ,Account Receivables,4000,2026-08-12,952.0, ,CSV_Import
Invoice - 2026-09-10_1121 ,Account Receivables,4000,2026-08-11,784.8, ,CSV_Import
Invoice - 2026-09-22_1122 ,Account Receivables,4000,2026-08-23,1076.35, ,CSV_Import
Invoice - 2026-09-11_1123 ,Account Receivables,4000,2026-08-12,599.83, ,CSV_Import
Invoice - 2026-09-27_1124 ,Account Receivables,4000,2026-08-28,525.64, ,CSV_Import
Invoice - 2026-09-26_1125 ,Account Receivables,4000,2026-08-27,1081.58, ,CSV_Import
Invoice - 2026-09-14_1126 ,Account Receivables,4000,2026-08-15,660.44, ,CSV_Import
Invoice - 2026-10-02_1127 ,Account Receivables,4000,2026-09-02,886.16, ,CSV_Import
Invoice - 2026-09-29_1128 ,Account Receivables,4000,2026-08-30,1327.15, ,CSV_Import
Invoice - 2026-09-30_1129 ,Account Receivables,4000,2026-08-31,1066.95, ,CSV_Import
Invoice - 2026-10-01_1130 ,Account Receivables,4000,2026-09-01,549.67, ,CSV_Import
Invoice - 2026-09-29_1131 ,Account Receivables,4000,2026-08-30,1182.94, ,CSV_Import
Invoice - 2026-09-23_1132 ,Account Receivables,4000,2026-08-24,758.67, ,CSV_Import
Invoice - 2026-10-02_1133 ,Account Receivables,4000,2026-09-02,479.66, ,CSV_Import
Invoice - 2026-09-24_1134 ,Account Receivables,4000,2026-08-25,725.23, ,CSV_Import
Invoice - 2026-09-29_1135 ,Account Receivables,4000,2026-08-30,1311.48, ,CSV_Import
Invoice - 2026-09-28_1136 ,Account Receivables,4000,2026-08-29,865.26, ,CSV_Import
Invoice - 2026-09-22_1137 ,Account Receivables,4000,2026-08-23,749.27, ,CSV_Import
Invoice - 2026-09-18_1138 ,Account Receivables,4000,2026-08-19,817.19, ,CSV_Import
Invoice - 2026-09-22_1139 ,Account Receivables,4000,2026-08-23,1045.0, ,CSV_Import
Invoice - 2026-09-21_1140 ,Account Receivables,4000,2026-08-22,1067.99, ,CSV_Import
Invoice - 2026-09-19_1141 ,Account Receivables,4000,2026-08-20,532.95, ,CSV_Import
Invoice - 2026-09-18_1142 ,Account Receivables,4000,2026-08-19,542.36, ,CSV_Import
Invoice - 2026-09-18_1143 ,Account Receivables,4000,2026-08-19,819.28, ,CSV_Import
Invoice - 2026-09-29_1144 ,Account Receivables,4000,2026-08-30,407.55, ,CSV_Import
Invoice - 2026-09-05_1145 ,Account Receivables,4000,2026-08-06,890.34, ,CSV_Import
Invoice - 2026-09-19_1146 ,Account Receivables,4000,2026-08-20,845.41, ,CSV_Import
Invoice - 2026-10-02_1147 ,Account Receivables,4000,2026-09-02,1371.04, ,CSV_Import
Invoice - 2026-09-22_1148 ,Account Receivables,4000,2026-08-23,1314.61, ,CSV_Import
Invoice - 2026-09-27_1149 ,Account Receivables,4000,2026-08-28,1391.94, ,CSV_Import
Invoice - 2026-09-27_1150 ,Account Receivables,4000,2026-08-28,699.11, ,CSV_Import
Invoice - 2026-09-09_1151 ,Account Receivables,4000,2026-08-10,532.95, ,CSV_Import
Invoice - 2026-09-21_1152 ,Account Receivables,4000,2026-08-22,964.54, ,CSV_Import
Invoice - 2026-09-23_1153 ,Account Receivables,4000,2026-08-24,981.26, ,CSV_Import
Invoice - 2026-09-25_1154 ,Account Receivables,4000,2026-08-26,883.03, ,CSV_Import
Invoice - 2026-09-29_1155 ,Account Receivables,4000,2026-08-30,1092.03, ,CSV_Import
Invoice - 2026-09-05_1156 ,Account Receivables,4000,2026-08-06,948.86, ,CSV_Import
Invoice - 2026-09-20_1157 ,Account Receivables,4000,2026-08-21,699.11, ,CSV_Import
Invoice - 2026-09-12_1158 ,Account Receivables,4000,2026-08-13,627.0, ,CSV_Import
Invoice - 2026-10-01_1159 ,Account Receivables,4000,2026-09-01,547.58, ,CSV_Import
Invoice - 2026-09-07_1160 ,Account Receivables,4000,2026-08-08,971.85, ,CSV_Import
Invoice - 2026-09-22_1161 ,Account Receivables,4000,2026-08-23,509.96, ,CSV_Import
Invoice - 2026-09-19_1162 ,Account Receivables,4000,2026-08-20,537.13, ,CSV_Import
Invoice - 2026-10-03_1163 ,Account Receivables,4000,2026-09-03,1099.34, ,CSV_Import
Invoice - 2026-09-13_1164 ,Account Receivables,4000,2026-08-14,625.96, ,CSV_Import
Invoice - 2026-09-20_1165 ,Account Receivables,4000,2026-08-21,585.2, ,CSV_Import
Invoice - 2026-09-06_1166 ,Account Receivables,4000,2026-08-07,807.79, ,CSV_Import
Invoice - 2026-09-14_1167 ,Account Receivables,4000,2026-08-15,437.86, ,CSV_Import
Invoice - 2026-09-15_1168 ,Account Receivables,4000,2026-08-16,1174.58, ,CSV_Import
Invoice - 2026-09-06_1169 ,Account Receivables,4000,2026-08-07,862.13, ,CSV_Import
Invoice - 2026-09-09_1170 ,Account Receivables,4000,2026-08-10,704.33, ,CSV_Import
Invoice - 2026-09-24_1171 ,Account Receivables,4000,2026-08-25,644.77, ,CSV_Import
Invoice - 2026-09-21_1172 ,Account Receivables,4000,2026-08-22,657.31, ,CSV_Import
Invoice - 2026-09-13_1173 ,Account Receivables,4000,2026-08-14,885.12, ,CSV_Import
Invoice - 2026-09-13_1174 ,Account Receivables,4000,2026-08-14,1559.14, ,CSV_Import
Invoice - 2026-09-06_1175 ,Account Receivables,4000,2026-08-07,1199.66, ,CSV_Import
Invoice - 2026-09-20_1176 ,Account Receivables,4000,2026-08-21,739.86, ,CSV_Import
Invoice - 2026-09-28_1177 ,Account Receivables,4000,2026-08-29,1015.74, ,CSV_Import
Invoice - 2026-09-05_1178 ,Account Receivables,4000,2026-08-06,536.09, ,CSV_Import
Invoice - 2026-09-18_1179 ,Account Receivables,4000,2026-08-19,373.07, ,CSV_Import
Invoice - 2026-09-17_1180 ,Account Receivables,4000,2026-08-18,644.77, ,CSV_Import
Invoice - 2026-09-14_1181 ,Account Receivables,4000,2026-08-15,881.98, ,CSV_Import
Invoice - 2026-09-12_1182 ,Account Receivables,4000,2026-08-13,909.15, ,CSV_Import
Invoice - 2026-09-25_1183 ,Account Receivables,4000,2026-08-26,1051.27, ,CSV_Import
Invoice - 2026-09-26_1184 ,Account Receivables,4000,2026-08-27,609.24, ,CSV_Import
Invoice - 2026-09-07_1185 ,Account Receivables,4000,2026-08-08,364.71, ,CSV_Import
Invoice - 2026-09-29_1186 ,Account Receivables,4000,2026-08-30,1103.52, ,CSV_Import
Invoice - 2026-10-03_1187 ,Account Receivables,4000,2026-09-03,250.8, ,CSV_Import
Invoice - 2026-09-29_1188 ,Account Receivables,4000,2026-08-30,820.33, ,CSV_Import
Invoice - 2026-09-28_1189 ,Account Receivables,4000,2026-08-29,313.5, ,CSV_Import
Invoice - 2026-09-10_1190 ,Account Receivables,4000,2026-08-11,299.92, ,CSV_Import
Invoice - 2026-09-25_1191 ,Account Receivables,4000,2026-08-26,829.73, ,CSV_Import
Invoice - 2026-09-21_1192 ,Account Receivables,4000,2026-08-22,476.52, ,CSV_Import
Invoice - 2026-09-11_1193 ,Account Receivables,4000,2026-08-12,611.33, ,CSV_Import
Invoice - 2026-09-17_1194 ,Account Receivables,4000,2026-08-18,1095.16, ,CSV_Import
Invoice - 2026-09-18_1195 ,Account Receivables,4000,2026-08-19,126.45, ,CSV_Import
Invoice - 2026-10-03_1196 ,Account Receivables,4000,2026-09-03,367.84, ,CSV_Import
Invoice - 2026-09-08_1197 ,Account Receivables,4000,2026-08-09,1042.91, ,CSV_Import
Invoice - 2026-09-29_1198 ,Account Receivables,4000,2026-08-30,1061.72, ,CSV_Import
Invoice - 2026-09-25_1199 ,Account Receivables,4000,2026-08-26,282.15, ,CSV_Import
Invoice - 2026-09-19_1200 ,Account Receivables,4000,2026-08-20,769.12, ,CSV_Import
Invoice - 2026-09-24_1201 ,Account Receivables,4000,2026-08-25,1231.01, ,CSV_Import
Invoice - 2026-09-09_1202 ,Account Receivables,4000,2026-08-10,526.68, ,CSV_Import
Invoice - 2026-09-21_1203 ,Account Receivables,4000,2026-08-22,1389.96, ,CSV_Import
Invoice - 2026-09-26_1204 ,Account Receivables,4000,2026-08-27,1405.8, ,CSV_Import
Invoice - 2026-09-26_1205 ,Account Receivables,4000,2026-08-27,448.47, ,CSV_Import
Invoice - 2026-09-29_1206 ,Account Receivables,4000,2026-08-30,1260.27, ,CSV_Import
Invoice - 2026-10-02_1207 ,Account Receivables,4000,2026-09-02,1251.36, ,CSV_Import
Invoice - 2026-09-05_1208 ,Account Receivables,4000,2026-08-06,1063.26, ,CSV_Import
Invoice - 2026-09-22_1209 ,Account Receivables,4000,2026-08-23,811.8, ,CSV_Import
Invoice - 2026-09-16_1210 ,Account Receivables,4000,2026-08-17,1024.65, ,CSV_Import
Invoice - 2026-09-06_1211 ,Account Receivables,4000,2026-08-07,919.71, ,CSV_Import
Invoice - 2026-09-11_1212 ,Account Receivables,4000,2026-08-12,1031.58, ,CSV_Import
Invoice - 2026-09-18_1213 ,Account Receivables,4000,2026-08-19,1123.65, ,CSV_Import
Invoice - 2026-09-24_1214 ,Account Receivables,4000,2026-08-25,1693.89, ,CSV_Import
Invoice - 2026-09-28_1215 ,Account Receivables,4000,2026-08-29,1396.89, ,CSV_Import
Invoice - 2026-09-23_1216 ,Account Receivables,4000,2026-08-24,1981.98, ,CSV_Import
Invoice - 2026-09-18_1217 ,Account Receivables,4000,2026-08-19,1225.62, ,CSV_Import
Invoice - 2026-09-24_1218 ,Account Receivables,4000,2026-08-25,1075.14, ,CSV_Import
Invoice - 2026-09-24_1219 ,Account Receivables,4000,2026-08-25,1163.25, ,CSV_Import
Invoice - 2026-09-12_1220 ,Account Receivables,4000,2026-08-13,828.63, ,CSV_Import
Invoice - 2026-09-23_1221 ,Account Receivables,4000,2026-08-24,1664.19, ,CSV_Import
Invoice - 2026-09-21_1222 ,Account Receivables,4000,2026-08-22,482.13, ,CSV_Import
Invoice - 2026-09-23_1223 ,Account Receivables,4000,2026-08-24,1465.2, ,CSV_Import
Invoice - 2026-09-22_1224 ,Account Receivables,4000,2026-08-23,1434.51, ,CSV_Import
Invoice - 2026-10-03_1225 ,Account Receivables,4000,2026-09-03,1379.07, ,CSV_Import
Invoice - 2026-09-13_1226 ,Account Receivables,4000,2026-08-14,1492.92, ,CSV_Import
Invoice - 2026-09-23_1227 ,Account Receivables,4000,2026-08-24,917.73, ,CSV_Import
Invoice - 2026-09-27_1228 ,Account Receivables,4000,2026-08-28,1731.51, ,CSV_Import
Invoice - 2026-09-19_1229 ,Account Receivables,4000,2026-08-20,738.54, ,CSV_Import
Invoice - 2026-09-25_1230 ,Account Receivables,4000,2026-08-26,1024.65, ,CSV_Import
Invoice - 2026-09-21_1231 ,Account Receivables,4000,2026-08-22,2076.03, ,CSV_Import
Invoice - 2026-09-09_1232 ,Account Receivables,4000,2026-08-10,1279.08, ,CSV_Import
Invoice - 2026-09-12_1233 ,Account Receivables,4000,2026-08-13,685.08, ,CSV_Import
Invoice - 2026-09-28_1234 ,Account Receivables,4000,2026-08-29,1434.51, ,CSV_Import
Invoice - 2026-09-30_1235 ,Account Receivables,4000,2026-08-31,1808.73, ,CSV_Import
Invoice - 2026-09-22_1236 ,Account Receivables,4000,2026-08-23,1960.2, ,CSV_Import
Invoice - 2026-09-24_1237 ,Account Receivables,4000,2026-08-25,1141.47, ,CSV_Import
Invoice - 2026-10-03_1238 ,Account Receivables,4000,2026-09-03,1667.16, ,CSV_Import
Invoice - 2026-09-15_1239 ,Account Receivables,4000,2026-08-16,1769.13, ,CSV_Import
Invoice - 2026-09-15_1240 ,Account Receivables,4000,2026-08-16,1188.0, ,CSV_Import
Invoice - 2026-09-15_1241 ,Account Receivables,4000,2026-08-16,627.66, ,CSV_Import
Invoice - 2026-09-27_1242 ,Account Receivables,4000,2026-08-28,1245.42, ,CSV_Import
Invoice - 2026-09-25_1243 ,Account Receivables,4000,2026-08-26,557.37, ,CSV_Import
Invoice - 2026-09-07_1244 ,Account Receivables,4000,2026-08-08,466.29, ,CSV_Import
Invoice - 2026-09-30_1245 ,Account Receivables,4000,2026-08-31,1439.46, ,CSV_Import
Invoice - 2026-09-11_1246 ,Account Receivables,4000,2026-08-12,815.76, ,CSV_Import
Invoice - 2026-09-20_1247 ,Account Receivables,4000,2026-08-21,961.29, ,CSV_Import
Invoice - 2026-09-23_1248 ,Account Receivables,4000,2026-08-24,1249.38, ,CSV_Import
Invoice - 2026-09-17_1249 ,Account Receivables,4000,2026-08-18,1142.46, ,CSV_Import
Invoice - 2026-09-17_1250 ,Account Receivables,4000,2026-08-18,1367.19, ,CSV_Import
Invoice - 2026-09-14_1251 ,Account Receivables,4000,2026-08-15,840.51, ,CSV_Import
Invoice - 2026-09-07_1252 ,Account Receivables,4000,2026-08-08,791.01, ,CSV_Import
Invoice - 2026-09-08_1253 ,Account Receivables,4000,2026-08-09,1037.52, ,CSV_Import
Invoice - 2026-09-25_1254 ,Account Receivables,4000,2026-08-26,1453.32, ,CSV_Import
Invoice - 2026-09-26_1255 ,Account Receivables,4000,2026-08-27,1172.16, ,CSV_Import
Invoice - 2026-09-26_1256 ,Account Receivables,4000,2026-08-27,825.66, ,CSV_Import
Invoice - 2026-09-25_1257 ,Account Receivables,4000,2026-08-26,721.71, ,CSV_Import
Invoice - 2026-10-01_1258 ,Account Receivables,4000,2026-09-01,308.88, ,CSV_Import
Invoice - 2026-09-15_1259 ,Account Receivables,4000,2026-08-16,939.51, ,CSV_Import
Invoice - 2026-10-02_1260 ,Account Receivables,4000,2026-09-02,1397.88, ,CSV_Import
Invoice - 2026-09-14_1261 ,Account Receivables,4000,2026-08-15,732.6, ,CSV_Import
Invoice - 2026-09-11_1262 ,Account Receivables,4000,2026-08-12,1577.07, ,CSV_Import
Invoice - 2026-09-17_1263 ,Account Receivables,4000,2026-08-18,1534.5, ,CSV_Import
Invoice - 2026-09-15_1264 ,Account Receivables,4000,2026-08-16,1055.34, ,CSV_Import
Invoice - 2026-09-11_1265 ,Account Receivables,4000,2026-08-12,1391.94, ,CSV_Import
Invoice - 2026-09-17_1266 ,Account Receivables,4000,2026-08-18,1363.23, ,CSV_Import
Invoice - 2026-09-05_1267 ,Account Receivables,4000,2026-08-06,892.98, ,CSV_Import
Invoice - 2026-09-17_1268 ,Account Receivables,4000,2026-08-18,1544.4, ,CSV_Import
Invoice - 2026-09-10_1269 ,Account Receivables,4000,2026-08-11,1118.7, ,CSV_Import
Invoice - 2026-09-07_1270 ,Account Receivables,4000,2026-08-08,1089.99, ,CSV_Import
Invoice - 2026-09-27_1271 ,Account Receivables,4000,2026-08-28,1251.36, ,CSV_Import
Invoice - 2026-09-11_1272 ,Account Receivables,4000,2026-08-12,1131.57, ,CSV_Import
Invoice - 2026-09-18_1273 ,Account Receivables,4000,2026-08-19,1431.54, ,CSV_Import
Invoice - 2026-09-09_1274 ,Account Receivables,4000,2026-08-10,1021.68, ,CSV_Import
Invoice - 2026-09-09_1275 ,Account Receivables,4000,2026-08-10,1274.13, ,CSV_Import
Invoice - 2026-10-02_1276 ,Account Receivables,4000,2026-09-02,1398.87, ,CSV_Import
Invoice - 2026-09-30_1277 ,Account Receivables,4000,2026-08-31,1190.97, ,CSV_Import
Invoice - 2026-09-24_1278 ,Account Receivables,4000,2026-08-25,1279.08, ,CSV_Import
Invoice - 2026-09-19_1279 ,Account Receivables,4000,2026-08-20,1365.21, ,CSV_Import
Invoice - 2026-09-09_1280 ,Account Receivables,4000,2026-08-10,1574.1, ,CSV_Import
Invoice - 2026-09-16_1281 ,Account Receivables,4000,2026-08-17,938.52, ,CSV_Import
Invoice - 2026-09-26_1282 ,Account Receivables,4000,2026-08-27,799.92, ,CSV_Import
Invoice - 2026-09-22_1283 ,Account Receivables,4000,2026-08-23,1150.38, ,CSV_Import
Invoice - 2026-10-02_1284 ,Account Receivables,4000,2026-09-02,1815.66, ,CSV_Import
Invoice - 2026-09-23_1285 ,Account Receivables,4000,2026-08-24,743.49, ,CSV_Import
Invoice - 2026-09-20_1286 ,Account Receivables,4000,2026-08-21,600.93, ,CSV_Import
Invoice - 2026-09-10_1287 ,Account Receivables,4000,2026-08-11,1465.2, ,CSV_Import
Invoice - 2026-09-18_1288 ,Account Receivables,4000,2026-08-19,914.76, ,CSV_Import
Invoice - 2026-09-10_1289 ,Account Receivables,4000,2026-08-11,926.64, ,CSV_Import
Invoice - 2026-09-25_1290 ,Account Receivables,4000,2026-08-26,1275.12, ,CSV_Import
Invoice - 2026-09-27_1291 ,Account Receivables,4000,2026-08-28,1391.94, ,CSV_Import
Invoice - 2026-09-08_1292 ,Account Receivables,4000,2026-08-09,958.32, ,CSV_Import
Invoice - 2026-09-07_1293 ,Account Receivables,4000,2026-08-08,1245.42, ,CSV_Import
Invoice - 2026-09-15_1294 ,Account Receivables,4000,2026-08-16,849.42, ,CSV_Import
Invoice - 2026-09-28_1295 ,Account Receivables,4000,2026-08-29,1327.59, ,CSV_Import
Invoice - 2026-09-26_1296 ,Account Receivables,4000,2026-08-27,517.77, ,CSV_Import
Invoice - 2026-10-02_1297 ,Account Receivables,4000,2026-09-02,1169.19, ,CSV_Import
Invoice - 2026-09-23_1298 ,Account Receivables,4000,2026-08-24,1348.38, ,CSV_Import
Invoice - 2026-10-03_1299 ,Account Receivables,4000,2026-09-03,1989.9, ,CSV_Import
Invoice - 2026-09-25_1300 ,Account Receivables,4000,2026-08-26,361.35, ,CSV_Import
Invoice - 2026-09-30_1301 ,Account Receivables,4000,2026-08-31,1192.95, ,CSV_Import
Invoice - 2026-09-05_1302 ,Account Receivables,4000,2026-08-06,985.05, ,CSV_Import
Invoice - 2026-09-24_1303 ,Account Receivables,4000,2026-08-25,377.19, ,CSV_Import
Invoice - 2026-09-25_1304 ,Account Receivables,4000,2026-08-26,1321.65, ,CSV_Import
Invoice - 2026-09-06_1305 ,Account Receivables,4000,2026-08-07,937.53, ,CSV_Import
Invoice - 2026-09-25_1306 ,Account Receivables,4000,2026-08-26,790.02, ,CSV_Import
Invoice - 2026-09-06_1307 ,Account Receivables,4000,2026-08-07,773.19, ,CSV_Import
Invoice - 2026-09-10_1308 ,Account Receivables,4000,2026-08-11,1167.21, ,CSV_Import
Invoice - 2026-10-02_1309 ,Account Receivables,4000,2026-09-02,1083.06, ,CSV_Import
Invoice - 2026-09-30_1310 ,Account Receivables,4000,2026-08-31,2015.64, ,CSV_Import
Invoice - 2026-09-14_1311 ,Account Receivables,4000,2026-08-15,949.41, ,CSV_Import
Invoice - 2026-09-05_1312 ,Account Receivables,4000,2026-08-06,1593.9, ,CSV_Import
Invoice - 2026-09-09_1313 ,Account Receivables,4000,2026-08-10,1130.58, ,CSV_Import
Invoice - 2026-09-22_1314 ,Account Receivables,4000,2026-08-23,1237.5, ,CSV_Import
Invoice - 2026-09-14_1315 ,Account Receivables,4000,2026-08-15,1635.48, ,CSV_Import
Invoice - 2026-09-13_1316 ,Account Receivables,4000,2026-08-14,706.86, ,CSV_Import
Invoice - 2026-09-17_1317 ,Account Receivables,4000,2026-08-18,984.06, ,CSV_Import
Invoice - 2026-09-12_1318 ,Account Receivables,4000,2026-08-13,2409.66, ,CSV_Import
Invoice - 2026-09-15_1319 ,Account Receivables,4000,2026-08-16,974.16, ,CSV_Import
Invoice - 2026-09-24_1320 ,Account Receivables,4000,2026-08-25,1433.52, ,CSV_Import
Invoice - 2026-09-05_1321 ,Account Receivables,4000,2026-08-06,1726.56, ,CSV_Import
Invoice - 2026-09-30_1322 ,Account Receivables,4000,2026-08-31,896.94, ,CSV_Import
Invoice - 2026-09-26_1323 ,Account Receivables,4000,2026-08-27,1251.36, ,CSV_Import
Invoice - 2026-10-01_1324 ,Account Receivables,4000,2026-09-01,1514.7, ,CSV_Import
Invoice - 2026-09-27_1325 ,Account Receivables,4000,2026-08-28,1570.14, ,CSV_Import
Invoice - 2026-09-19_1326 ,Account Receivables,4000,2026-08-20,1289.97, ,CSV_Import
Invoice - 2026-09-24_1327 ,Account Receivables,4000,2026-08-25,1037.52, ,CSV_Import
Invoice - 2026-09-20_1328 ,Account Receivables,4000,2026-08-21,594.0, ,CSV_Import
Invoice - 2026-09-23_1329 ,Account Receivables,4000,2026-08-24,976.14, ,CSV_Import
Invoice - 2026-09-17_1330 ,Account Receivables,4000,2026-08-18,1836.45, ,CSV_Import
Invoice - 2026-09-07_1331 ,Account Receivables,4000,2026-08-08,693.0, ,CSV_Import
Invoice - 2026-09-09_1332 ,Account Receivables,4000,2026-08-10,1070.19, ,CSV_Import
Invoice - 2026-09-29_1333 ,Account Receivables,4000,2026-08-30,1459.26, ,CSV_Import
Invoice - 2026-09-16_1334 ,Account Receivables,4000,2026-08-17,439.56, ,CSV_Import
Invoice - 2026-09-30_1335 ,Account Receivables,4000,2026-08-31,984.06, ,CSV_Import
Invoice - 2026-09-23_1336 ,Account Receivables,4000,2026-08-24,1173.15, ,CSV_Import
Invoice - 2026-09-18_1337 ,Account Receivables,4000,2026-08-19,685.08, ,CSV_Import
Invoice - 2026-09-08_1338 ,Account Receivables,4000,2026-08-09,1540.44, ,CSV_Import
Invoice - 2026-09-24_1339 ,Account Receivables,4000,2026-08-25,576.18, ,CSV_Import
Invoice - 2026-09-14_1340 ,Account Receivables,4000,2026-08-15,228.69, ,CSV_Import
Invoice - 2026-09-15_1341 ,Account Receivables,4000,2026-08-16,561.33, ,CSV_Import
Invoice - 2026-09-28_1342 ,Account Receivables,4000,2026-08-29,1124.64, ,CSV_Import
Invoice - 2026-09-13_1343 ,Account Receivables,4000,2026-08-14,1164.24, ,CSV_Import
Invoice - 2026-09-17_1344 ,Account Receivables,4000,2026-08-18,1274.13, ,CSV_Import
Invoice - 2026-09-15_1345 ,Account Receivables,4000,2026-08-16,2077.02, ,CSV_Import
Invoice - 2026-09-05_1346 ,Account Receivables,4000,2026-08-06,1202.85, ,CSV_Import
Invoice - 2026-10-02_1347 ,Account Receivables,4000,2026-09-02,751.41, ,CSV_Import
Invoice - 2026-09-18_1348 ,Account Receivables,4000,2026-08-19,879.12, ,CSV_Import
Invoice - 2026-09-30_1349 ,Account Receivables,4000,2026-08-31,657.36, ,CSV_Import
Invoice - 2026-09-18_1350 ,Account Receivables,4000,2026-08-19,652.41, ,CSV_Import
Invoice - 2026-09-11_1351 ,Account Receivables,4000,2026-08-12,1320.66, ,CSV_Import
Invoice - 2026-10-03_1352 ,Account Receivables,4000,2026-09-03,611.82, ,CSV_Import
Invoice - 2026-09-12_1353 ,Account Receivables,4000,2026-08-13,1562.22, ,CSV_Import
Invoice - 2026-09-09_1354 ,Account Receivables,4000,2026-08-10,766.26, ,CSV_Import
Invoice - 2026-09-05_1355 ,Account Receivables,4000,2026-08-06,1222.65, ,CSV_Import
Invoice - 2026-09-27_1356 ,Account Receivables,4000,2026-08-28,1247.4, ,CSV_Import
Invoice - 2026-09-14_1357 ,Account Receivables,4000,2026-08-15,1263.24, ,CSV_Import
Invoice - 2026-09-15_1358 ,Account Receivables,4000,2026-08-16,834.57, ,CSV_Import
Invoice - 2026-10-03_1359 ,Account Receivables,4000,2026-09-03,1090.98, ,CSV_Import
Invoice - 2026-10-02_1360 ,Account Receivables,4000,2026-09-02,1307.79, ,CSV_Import
Invoice - 2026-09-27_1361 ,Account Receivables,4000,2026-08-28,1164.24, ,CSV_Import
Invoice - 2026-09-06_1362 ,Account Receivables,4000,2026-08-07,890.01, ,CSV_Import
Invoice - 2026-09-30_1363 ,Account Receivables,4000,2026-08-31,841.5, ,CSV_Import
Invoice - 2026-09-12_1364 ,Account Receivables,4000,2026-08-13,1135.53, ,CSV_Import
Invoice - 2026-10-02_1365 ,Account Receivables,4000,2026-09-02,1334.52, ,CSV_Import
Invoice - 2026-09-12_1366 ,Account Receivables,4000,2026-08-13,1164.24, ,CSV_Import
Invoice - 2026-09-29_1367 ,Account Receivables,4000,2026-08-30,1925.55, ,CSV_Import
Invoice - 2026-10-03_1368 ,Account Receivables,4000,2026-09-03,1133.55, ,CSV_Import
Invoice - 2026-09-25_1369 ,Account Receivables,4000,2026-08-26,1247.4, ,CSV_Import
Invoice - 2026-09-22_1370 ,Account Receivables,4000,2026-08-23,1049.4, ,CSV_Import
Invoice - 2026-09-19_1371 ,Account Receivables,4000,2026-08-20,1651.32, ,CSV_Import
Invoice - 2026-09-29_1372 ,Account Receivables,4000,2026-08-30,1058.31, ,CSV_Import
Invoice - 2026-09-14_1373 ,Account Receivables,4000,2026-08-15,1372.14, ,CSV_Import
Invoice - 2026-09-28_1374 ,Account Receivables,4000,2026-08-29,1109.79, ,CSV_Import
Invoice - 2026-09-18_1375 ,Account Receivables,4000,2026-08-19,715.77, ,CSV_Import
Invoice - 2026-09-22_1376 ,Account Receivables,4000,2026-08-23,1864.17, ,CSV_Import
Invoice - 2026-09-24_1377 ,Account Receivables,4000,2026-08-25,1140.48, ,CSV_Import
Invoice - 2026-09-25_1378 ,Account Receivables,4000,2026-08-26,724.68, ,CSV_Import
Invoice - 2026-09-12_1379 ,Account Receivables,4000,2026-08-13,980.1, ,CSV_Import
Invoice - 2026-09-05_1380 ,Account Receivables,4000,2026-08-06,644.49, ,CSV_Import
Invoice - 2026-09-20_1381 ,Account Receivables,4000,2026-08-21,1787.94, ,CSV_Import
Invoice - 2026-09-05_1382 ,Account Receivables,4000,2026-08-06,646.47, ,CSV_Import
Invoice - 2026-09-12_1383 ,Account Receivables,4000,2026-08-13,1064.25, ,CSV_Import
Invoice - 2026-09-11_1384 ,Account Receivables,4000,2026-08-12,1458.27, ,CSV_Import
Invoice - 2026-09-15_1385 ,Account Receivables,4000,2026-08-16,752.4, ,CSV_Import
Invoice - 2026-09-07_1386 ,Account Receivables,4000,2026-08-08,1092.96, ,CSV_Import
Invoice - 2026-09-14_1387 ,Account Receivables,4000,2026-08-15,1018.71, ,CSV_Import
Invoice - 2026-09-18_1388 ,Account Receivables,4000,2026-08-19,788.04, ,CSV_Import
Invoice - 2026-09-28_1389 ,Account Receivables,4000,2026-08-29,571.23, ,CSV_Import
Invoice - 2026-09-25_1390 ,Account Receivables,4000,2026-08-26,895.95, ,CSV_Import
Invoice - 2026-09-24_1391 ,Account Receivables,4000,2026-08-25,1984.95, ,CSV_Import
Invoice - 2026-10-01_1392 ,Account Receivables,4000,2026-09-01,1031.58, ,CSV_Import
Invoice - 2026-09-05_1393 ,Account Receivables,4000,2026-08-06,826.65, ,CSV_Import
Invoice - 2026-09-25_1394 ,Account Receivables,4000,2026-08-26,1639.44, ,CSV_Import
Invoice - 2026-10-03_1395 ,Account Receivables,4000,2026-09-03,2083.95, ,CSV_Import
Invoice - 2026-09-08_1396 ,Account Receivables,4000,2026-08-09,1190.97, ,CSV_Import
Invoice - 2026-09-26_1397 ,Account Receivables,4000,2026-08-27,1689.93, ,CSV_Import
Invoice - 2026-09-11_1398 ,Account Receivables,4000,2026-08-12,1431.54, ,CSV_Import
Invoice - 2026-09-25_1399 ,Account Receivables,4000,2026-08-26,2067.12, ,CSV_Import
Invoice - 2026-09-12_1400 ,Account Receivables,4000,2026-08-13,1595.88, ,CSV_Import
