invoice_code,client_code,customer_code,invoice_date,due_date,sub_total,discount,net_sales,tax_amount,total_amount,net_profit_or_gross_amount,net_cash_flow
2026-09-09_1001,4000,34,2026-08-10,2026-09-09,2535.0,0.0,2535.0,253.5,2788.5,447.0,447.0
2026-10-02_1002,4000,37,2026-09-02,2026-10-02,962.0,0.0,962.0,96.2,1058.2,457.0,457.0
2026-09-22_1003,4000,50,2026-08-23,2026-09-22,1732.0,0.0,1732.0,173.2,1905.2,446.0,446.0
2026-10-01_1004,4000,29,2026-09-01,2026-10-01,480.0,0.0,480.0,48.0,528.0,240.0,240.0
2026-10-01_1005,4000,32,2026-09-01,2026-10-01,1723.0,0.0,1723.0,172.3,1895.3,603.0,603.0
2026-09-05_1006,4000,24,2026-08-06,2026-09-05,1870.0,0.0,1870.0,187.0,2057.0,602.0,602.0
2026-10-03_1007,4000,30,2026-09-03,2026-10-03,744.0,0.0,744.0,74.4,818.4,268.0,268.0
2026-09-28_1008,4000,24,2026-08-29,2026-09-28,939.0,0.0,939.0,93.9,1032.9,413.0,413.0
2026-09-14_1009,4000,8,2026-08-15,2026-09-14,1043.0,0.0,1043.0,104.3,1147.3,345.0,345.0
2026-09-17_1010,4000,45,2026-08-18,2026-09-17,1033.0,0.0,1033.0,103.3,1136.3,461.0,461.0
2026-09-18_1011,4000,9,2026-08-19,2026-09-18,595.0,0.0,595.0,59.5,654.5,238.0,238.0
2026-09-10_1012,4000,16,2026-08-11,2026-09-10,1308.0,0.0,1308.0,130.8,1438.8,288.0,288.0
2026-09-19_1013,4000,50,2026-08-20,2026-09-19,1007.0,0.0,1007.0,100.7,1107.7,274.0,274.0
2026-09-14_1014,4000,30,2026-08-15,2026-09-14,1211.0,0.0,1211.0,121.1,1332.1,383.0,383.0
2026-09-08_1015,4000,4,2026-08-09,2026-09-08,1318.0,0.0,1318.0,131.8,1449.8,694.0,694.0
2026-09-17_1016,4000,24,2026-08-18,2026-09-17,615.0,0.0,615.0,61.5,676.5,144.0,144.0
2026-10-02_1017,4000,1,2026-09-02,2026-10-02,945.0,0.0,945.0,94.5,1039.5,376.0,376.0
2026-09-15_1018,4000,31,2026-08-16,2026-09-15,1461.0,0.0,1461.0,146.1,1607.1,408.0,408.0
2026-09-26_1019,4000,1,2026-08-27,2026-09-26,828.0,0.0,828.0,82.8,910.8,255.0,255.0
2026-09-30_1020,4000,3,2026-08-31,2026-09-30,1433.0,0.0,1433.0,143.3,1576.3,720.0,720.0
2026-09-28_1021,4000,30,2026-08-29,2026-09-28,965.0,0.0,965.0,96.5,1061.5,178.0,178.0
2026-09-27_1022,4000,19,2026-08-28,2026-09-27,485.0,0.0,485.0,48.5,533.5,178.0,178.0
2026-10-02_1023,4000,11,2026-09-02,2026-10-02,901.0,0.0,901.0,90.1,991.1,163.0,163.0
2026-09-27_1024,4000,14,2026-08-28,2026-09-27,810.0,0.0,810.0,81.0,891.0,202.0,202.0
2026-09-26_1025,4000,37,2026-08-27,2026-09-26,734.0,0.0,734.0,73.4,807.4,228.0,228.0
2026-09-25_1026,4000,46,2026-08-26,2026-09-25,1348.0,0.0,1348.0,134.8,1482.8,277.0,277.0
2026-09-23_1027,4000,3,2026-08-24,2026-09-23,1620.0,0.0,1620.0,162.0,1782.0,526.0,526.0
2026-09-14_1028,4000,6,2026-08-15,2026-09-14,640.0,0.0,640.0,64.0,704.0,284.0,284.0
2026-09-24_1029,4000,41,2026-08-25,2026-09-24,1337.0,0.0,1337.0,133.7,1470.7,458.0,458.0
2026-09-15_1030,4000,38,2026-08-16,2026-09-15,925.0,0.0,925.0,92.5,1017.5,242.0,242.0
2026-09-29_1031,4000,43,2026-08-30,2026-09-29,1038.0,0.0,1038.0,103.8,1141.8,486.0,486.0
2026-09-12_1032,4000,8,2026-08-13,2026-09-12,1138.0,0.0,1138.0,113.8,1251.8,455.0,455.0
2026-09-29_1033,4000,31,2026-08-30,2026-09-29,1585.0,0.0,1585.0,158.5,1743.5,398.0,398.0
2026-09-24_1034,4000,10,2026-08-25,2026-09-24,1085.0,0.0,1085.0,108.5,1193.5,255.0,255.0
2026-09-30_1035,4000,49,2026-08-31,2026-09-30,1431.0,0.0,1431.0,143.1,1574.1,492.0,492.0
2026-09-30_1036,4000,5,2026-08-31,2026-09-30,1063.0,0.0,1063.0,106.3,1169.3,326.0,326.0
2026-10-01_1037,4000,36,2026-09-01,2026-10-01,611.0,0.0,611.0,61.1,672.1,221.0,221.0
2026-09-06_1038,4000,10,2026-08-07,2026-09-06,1137.0,0.0,1137.0,113.7,1250.7,459.0,459.0
2026-09-13_1039,4000,6,2026-08-14,2026-09-13,1458.0,0.0,1458.0,145.8,1603.8,602.0,602.0
2026-09-13_1040,4000,27,2026-08-14,2026-09-13,961.0,0.0,961.0,96.1,1057.1,281.0,281.0
2026-09-07_1041,4000,22,2026-08-08,2026-09-07,1081.0,0.0,1081.0,108.1,1189.1,581.0,581.0
2026-09-24_1042,4000,36,2026-08-25,2026-09-24,1196.0,0.0,1196.0,119.6,1315.6,299.0,299.0
2026-09-22_1043,4000,8,2026-08-23,2026-09-22,878.0,0.0,878.0,87.8,965.8,244.0,244.0
2026-09-10_1044,4000,33,2026-08-11,2026-09-10,1969.0,0.0,1969.0,196.9,2165.9,792.0,792.0
2026-09-11_1045,4000,34,2026-08-12,2026-09-11,1142.0,0.0,1142.0,114.2,1256.2,305.0,305.0
2026-09-11_1046,4000,37,2026-08-12,2026-09-11,1007.0,0.0,1007.0,100.7,1107.7,315.0,315.0
2026-09-17_1047,4000,45,2026-08-18,2026-09-17,1375.0,0.0,1375.0,137.5,1512.5,500.0,500.0
2026-09-06_1048,4000,31,2026-08-07,2026-09-06,1994.0,0.0,1994.0,199.4,2193.4,784.0,784.0
2026-09-17_1049,4000,38,2026-08-18,2026-09-17,1247.0,0.0,1247.0,124.7,1371.7,561.0,561.0
2026-09-15_1050,4000,22,2026-08-16,2026-09-15,1292.0,0.0,1292.0,129.2,1421.2,410.0,410.0
2026-09-21_1051,4000,47,2026-08-22,2026-09-21,967.0,0.0,967.0,96.7,1063.7,237.0,237.0
2026-09-08_1052,4000,49,2026-08-09,2026-09-08,1062.0,53.1,1008.9,100.89,1109.79,334.9,334.9
2026-09-12_1053,4000,44,2026-08-13,2026-09-12,432.0,21.6,410.4,41.04,451.44,107.4,107.4
2026-09-21_1054,4000,45,2026-08-22,2026-09-21,1160.0,58.0,1102.0,110.2,1212.2,287.0,287.0
2026-09-11_1055,4000,35,2026-08-12,2026-09-11,1265.0,63.25,1201.75,120.18,1321.93,202.75,202.75
2026-10-02_1056,4000,39,2026-09-02,2026-10-02,731.0,36.55,694.45,69.45,763.9,344.45,344.45
2026-09-16_1057,4000,7,2026-08-17,2026-09-16,616.0,30.8,585.2,58.52,643.72,258.2,258.2
2026-09-08_1058,4000,12,2026-08-09,2026-09-08,1323.0,66.15,1256.85,125.69,1382.54,306.85,306.85
2026-09-06_1059,4000,19,2026-08-07,2026-09-06,829.0,41.45,787.55,78.76,866.31,277.55,277.55
2026-09-24_1060,4000,46,2026-08-25,2026-09-24,603.0,30.15,572.85,57.29,630.14,87.85,87.85
2026-10-01_1061,4000,16,2026-09-01,2026-10-01,720.0,36.0,684.0,68.4,752.4,358.0,358.0
2026-09-23_1062,4000,47,2026-08-24,2026-09-23,880.0,44.0,836.0,83.6,919.6,262.0,262.0
2026-10-03_1063,4000,10,2026-09-03,2026-10-03,521.0,26.05,494.95,49.5,544.45,297.95,297.95
2026-09-11_1064,4000,19,2026-08-12,2026-09-11,1071.0,53.55,1017.45,101.75,1119.2,483.45,483.45
2026-09-30_1065,4000,13,2026-08-31,2026-09-30,1112.0,55.6,1056.4,105.64,1162.04,376.4,376.4
2026-09-09_1066,4000,49,2026-08-10,2026-09-09,863.0,43.15,819.85,81.99,901.84,177.85,177.85
2026-09-09_1067,4000,29,2026-08-10,2026-09-09,1448.0,72.4,1375.6,137.56,1513.16,495.6,495.6
2026-09-12_1068,4000,49,2026-08-13,2026-09-12,1227.0,61.35,1165.65,116.57,1282.22,163.65,163.65
2026-09-29_1069,4000,10,2026-08-30,2026-09-29,1154.0,57.7,1096.3,109.63,1205.93,262.3,262.3
2026-09-16_1070,4000,33,2026-08-17,2026-09-16,604.0,30.2,573.8,57.38,631.18,161.8,161.8
2026-09-27_1071,4000,39,2026-08-28,2026-09-27,1428.0,71.4,1356.6,135.66,1492.26,285.6,285.6
2026-10-03_1072,4000,1,2026-09-03,2026-10-03,490.0,24.5,465.5,46.55,512.05,260.5,260.5
2026-09-11_1073,4000,38,2026-08-12,2026-09-11,1321.0,66.05,1254.95,125.5,1380.45,444.95,444.95
2026-09-13_1074,4000,28,2026-08-14,2026-09-13,624.0,31.2,592.8,59.28,652.08,103.8,103.8
2026-09-12_1075,4000,26,2026-08-13,2026-09-12,438.0,21.9,416.1,41.61,457.71,139.1,139.1
2026-09-23_1076,4000,32,2026-08-24,2026-09-23,490.0,24.5,465.5,46.55,512.05,197.5,197.5
2026-09-27_1077,4000,20,2026-08-28,2026-09-27,642.0,32.1,609.9,60.99,670.89,83.9,83.9
2026-09-18_1078,4000,35,2026-08-19,2026-09-18,282.0,14.1,267.9,26.79,294.69,92.9,92.9
2026-09-07_1079,4000,36,2026-08-08,2026-09-07,719.0,35.95,683.05,68.31,751.36,322.05,322.05
2026-09-10_1080,4000,15,2026-08-11,2026-09-10,409.0,20.45,388.55,38.86,427.41,154.55,154.55
2026-09-28_1081,4000,21,2026-08-29,2026-09-28,636.0,31.8,604.2,60.42,664.62,132.2,132.2
2026-09-23_1082,4000,48,2026-08-24,2026-09-23,1266.0,63.3,1202.7,120.27,1322.97,384.7,384.7
2026-09-15_1083,4000,17,2026-08-16,2026-09-15,1274.0,63.7,1210.3,121.03,1331.33,146.3,146.3
2026-09-11_1084,4000,5,2026-08-12,2026-09-11,1136.0,56.8,1079.2,107.92,1187.12,359.2,359.2
2026-09-17_1085,4000,1,2026-08-18,2026-09-17,1203.0,60.15,1142.85,114.29,1257.14,455.85,455.85
2026-09-25_1086,4000,37,2026-08-26,2026-09-25,972.0,48.6,923.4,92.34,1015.74,179.4,179.4
2026-09-10_1087,4000,21,2026-08-11,2026-09-10,895.0,44.75,850.25,85.03,935.28,268.25,268.25
2026-09-24_1088,4000,4,2026-08-25,2026-09-24,840.0,42.0,798.0,79.8,877.8,118.0,118.0
2026-09-09_1089,4000,6,2026-08-10,2026-09-09,812.0,40.6,771.4,77.14,848.54,135.4,135.4
2026-09-29_1090,4000,32,2026-08-30,2026-09-29,648.0,32.4,615.6,61.56,677.16,197.6,197.6
2026-09-15_1091,4000,35,2026-08-16,2026-09-15,1275.0,63.75,1211.25,121.13,1332.38,406.25,406.25
2026-09-11_1092,4000,24,2026-08-12,2026-09-11,537.0,26.85,510.15,51.02,561.17,84.15,84.15
2026-09-12_1093,4000,50,2026-08-13,2026-09-12,628.0,31.4,596.6,59.66,656.26,188.6,188.6
2026-09-27_1094,4000,20,2026-08-28,2026-09-27,826.0,41.3,784.7,78.47,863.17,198.7,198.7
2026-09-11_1095,4000,10,2026-08-12,2026-09-11,604.0,30.2,573.8,57.38,631.18,104.8,104.8
2026-09-30_1096,4000,35,2026-08-31,2026-09-30,396.0,19.8,376.2,37.62,413.82,135.2,135.2
2026-09-16_1097,4000,1,2026-08-17,2026-09-16,600.0,30.0,570.0,57.0,627.0,69.0,69.0
2026-09-19_1098,4000,3,2026-08-20,2026-09-19,779.0,38.95,740.05,74.01,814.06,142.05,142.05
2026-09-26_1099,4000,9,2026-08-27,2026-09-26,450.0,22.5,427.5,42.75,470.25,82.5,82.5
2026-09-11_1100,4000,10,2026-08-12,2026-09-11,1295.0,64.75,1230.25,123.03,1353.28,190.25,190.25
2026-09-10_1101,4000,21,2026-08-11,2026-09-10,611.0,30.55,580.45,58.05,638.5,144.45,144.45
2026-09-27_1102,4000,21,2026-08-28,2026-09-27,795.0,39.75,755.25,75.53,830.78,230.25,230.25
2026-09-14_1103,4000,34,2026-08-15,2026-09-14,608.0,30.4,577.6,57.76,635.36,119.6,119.6
2026-09-10_1104,4000,43,2026-08-11,2026-09-10,787.0,39.35,747.65,74.77,822.42,217.65,217.65
2026-09-09_1105,4000,41,2026-08-10,2026-09-09,1061.0,53.05,1007.95,100.8,1108.75,71.95,71.95
2026-10-01_1106,4000,6,2026-09-01,2026-10-01,801.0,40.05,760.95,76.1,837.05,230.95,230.95
2026-09-30_1107,4000,10,2026-08-31,2026-09-30,715.0,35.75,679.25,67.93,747.18,303.25,303.25
2026-09-07_1108,4000,43,2026-08-08,2026-09-07,1225.0,61.25,1163.75,116.38,1280.13,403.75,403.75
2026-09-06_1109,4000,19,2026-08-07,2026-09-06,340.0,17.0,323.0,32.3,355.3,60.0,60.0
2026-10-03_1110,4000,30,2026-09-03,2026-10-03,520.0,26.0,494.0,49.4,543.4,136.0,136.0
2026-10-02_1111,4000,49,2026-09-02,2026-10-02,911.0,45.55,865.45,86.55,952.0,322.45,322.45
2026-09-22_1112,4000,15,2026-08-23,2026-09-22,590.0,29.5,560.5,56.05,616.55,210.5,210.5
2026-09-19_1113,4000,21,2026-08-20,2026-09-19,719.0,35.95,683.05,68.31,751.36,392.05,392.05
2026-09-22_1114,4000,23,2026-08-23,2026-09-22,735.0,36.75,698.25,69.83,768.08,277.25,277.25
2026-09-24_1115,4000,33,2026-08-25,2026-09-24,646.0,32.3,613.7,61.37,675.07,224.7,224.7
2026-09-12_1116,4000,44,2026-08-13,2026-09-12,808.0,40.4,767.6,76.76,844.36,307.6,307.6
2026-10-02_1117,4000,42,2026-09-02,2026-10-02,895.0,44.75,850.25,85.03,935.28,139.25,139.25
2026-09-30_1118,4000,4,2026-08-31,2026-09-30,261.0,13.05,247.95,24.8,272.75,26.95,26.95
2026-09-07_1119,4000,50,2026-08-08,2026-09-07,1150.0,57.5,1092.5,109.25,1201.75,378.5,378.5
2026-09-11_1120,4000,19,2026-08-12,2026-09-11,911.0,45.55,865.45,86.55,952.0,208.45,208.45
2026-09-10_1121,4000,48,2026-08-11,2026-09-10,751.0,37.55,713.45,71.35,784.8,239.45,239.45
2026-09-22_1122,4000,47,2026-08-23,2026-09-22,1030.0,51.5,978.5,97.85,1076.35,458.5,458.5
2026-09-11_1123,4000,4,2026-08-12,2026-09-11,574.0,28.7,545.3,54.53,599.83,279.3,279.3
2026-09-27_1124,4000,47,2026-08-28,2026-09-27,503.0,25.15,477.85,47.79,525.64,271.85,271.85
2026-09-26_1125,4000,8,2026-08-27,2026-09-26,1035.0,51.75,983.25,98.33,1081.58,320.25,320.25
2026-09-14_1126,4000,33,2026-08-15,2026-09-14,632.0,31.6,600.4,60.04,660.44,113.4,113.4
2026-10-02_1127,4000,44,2026-09-02,2026-10-02,848.0,42.4,805.6,80.56,886.16,239.6,239.6
2026-09-29_1128,4000,2,2026-08-30,2026-09-29,1270.0,63.5,1206.5,120.65,1327.15,266.5,266.5
2026-09-30_1129,4000,44,2026-08-31,2026-09-30,1021.0,51.05,969.95,97.0,1066.95,370.95,370.95
2026-10-01_1130,4000,42,2026-09-01,2026-10-01,526.0,26.3,499.7,49.97,549.67,117.7,117.7
2026-09-29_1131,4000,5,2026-08-30,2026-09-29,1132.0,56.6,1075.4,107.54,1182.94,415.4,415.4
2026-09-23_1132,4000,15,2026-08-24,2026-09-23,726.0,36.3,689.7,68.97,758.67,179.7,179.7
2026-10-02_1133,4000,28,2026-09-02,2026-10-02,459.0,22.95,436.05,43.61,479.66,174.05,174.05
2026-09-24_1134,4000,45,2026-08-25,2026-09-24,694.0,34.7,659.3,65.93,725.23,159.3,159.3
2026-09-29_1135,4000,25,2026-08-30,2026-09-29,1255.0,62.75,1192.25,119.23,1311.48,407.25,407.25
2026-09-28_1136,4000,14,2026-08-29,2026-09-28,828.0,41.4,786.6,78.66,865.26,214.6,214.6
2026-09-22_1137,4000,34,2026-08-23,2026-09-22,717.0,35.85,681.15,68.12,749.27,243.15,243.15
2026-09-18_1138,4000,42,2026-08-19,2026-09-18,782.0,39.1,742.9,74.29,817.19,146.9,146.9
2026-09-22_1139,4000,6,2026-08-23,2026-09-22,1000.0,50.0,950.0,95.0,1045.0,258.0,258.0
2026-09-21_1140,4000,34,2026-08-22,2026-09-21,1022.0,51.1,970.9,97.09,1067.99,165.9,165.9
2026-09-19_1141,4000,11,2026-08-20,2026-09-19,510.0,25.5,484.5,48.45,532.95,196.5,196.5
2026-09-18_1142,4000,16,2026-08-19,2026-09-18,519.0,25.95,493.05,49.31,542.36,200.05,200.05
2026-09-18_1143,4000,25,2026-08-19,2026-09-18,784.0,39.2,744.8,74.48,819.28,281.8,281.8
2026-09-29_1144,4000,20,2026-08-30,2026-09-29,390.0,19.5,370.5,37.05,407.55,85.5,85.5
2026-09-05_1145,4000,25,2026-08-06,2026-09-05,852.0,42.6,809.4,80.94,890.34,241.4,241.4
2026-09-19_1146,4000,38,2026-08-20,2026-09-19,809.0,40.45,768.55,76.86,845.41,115.55,115.55
2026-10-02_1147,4000,24,2026-09-02,2026-10-02,1312.0,65.6,1246.4,124.64,1371.04,252.4,252.4
2026-09-22_1148,4000,13,2026-08-23,2026-09-22,1258.0,62.9,1195.1,119.51,1314.61,405.1,405.1
2026-09-27_1149,4000,2,2026-08-28,2026-09-27,1332.0,66.6,1265.4,126.54,1391.94,338.4,338.4
2026-09-27_1150,4000,34,2026-08-28,2026-09-27,669.0,33.45,635.55,63.56,699.11,146.55,146.55
2026-09-09_1151,4000,4,2026-08-10,2026-09-09,510.0,25.5,484.5,48.45,532.95,112.5,112.5
2026-09-21_1152,4000,18,2026-08-22,2026-09-21,923.0,46.15,876.85,87.69,964.54,248.85,248.85
2026-09-23_1153,4000,28,2026-08-24,2026-09-23,939.0,46.95,892.05,89.21,981.26,289.05,289.05
2026-09-25_1154,4000,15,2026-08-26,2026-09-25,845.0,42.25,802.75,80.28,883.03,340.75,340.75
2026-09-29_1155,4000,36,2026-08-30,2026-09-29,1045.0,52.25,992.75,99.28,1092.03,141.75,141.75
2026-09-05_1156,4000,48,2026-08-06,2026-09-05,908.0,45.4,862.6,86.26,948.86,206.6,206.6
2026-09-20_1157,4000,45,2026-08-21,2026-09-20,669.0,33.45,635.55,63.56,699.11,265.55,265.55
2026-09-12_1158,4000,43,2026-08-13,2026-09-12,600.0,30.0,570.0,57.0,627.0,210.0,210.0
2026-10-01_1159,4000,33,2026-09-01,2026-10-01,524.0,26.2,497.8,49.78,547.58,146.8,146.8
2026-09-07_1160,4000,20,2026-08-08,2026-09-07,930.0,46.5,883.5,88.35,971.85,173.5,173.5
2026-09-22_1161,4000,33,2026-08-23,2026-09-22,488.0,24.4,463.6,46.36,509.96,87.6,87.6
2026-09-19_1162,4000,37,2026-08-20,2026-09-19,514.0,25.7,488.3,48.83,537.13,136.3,136.3
2026-10-03_1163,4000,25,2026-09-03,2026-10-03,1052.0,52.6,999.4,99.94,1099.34,117.4,117.4
2026-09-13_1164,4000,42,2026-08-14,2026-09-13,599.0,29.95,569.05,56.91,625.96,189.05,189.05
2026-09-20_1165,4000,48,2026-08-21,2026-09-20,560.0,28.0,532.0,53.2,585.2,88.0,88.0
2026-09-06_1166,4000,44,2026-08-07,2026-09-06,773.0,38.65,734.35,73.44,807.79,299.35,299.35
2026-09-14_1167,4000,16,2026-08-15,2026-09-14,419.0,20.95,398.05,39.81,437.86,206.05,206.05
2026-09-15_1168,4000,5,2026-08-16,2026-09-15,1124.0,56.2,1067.8,106.78,1174.58,139.8,139.8
2026-09-06_1169,4000,19,2026-08-07,2026-09-06,825.0,41.25,783.75,78.38,862.13,129.75,129.75
2026-09-09_1170,4000,23,2026-08-10,2026-09-09,674.0,33.7,640.3,64.03,704.33,86.3,86.3
2026-09-24_1171,4000,1,2026-08-25,2026-09-24,617.0,30.85,586.15,58.62,644.77,155.15,155.15
2026-09-21_1172,4000,30,2026-08-22,2026-09-21,629.0,31.45,597.55,59.76,657.31,71.55,71.55
2026-09-13_1173,4000,33,2026-08-14,2026-09-13,847.0,42.35,804.65,80.47,885.12,279.65,279.65
2026-09-13_1174,4000,13,2026-08-14,2026-09-13,1492.0,74.6,1417.4,141.74,1559.14,403.4,403.4
2026-09-06_1175,4000,11,2026-08-07,2026-09-06,1148.0,57.4,1090.6,109.06,1199.66,223.6,223.6
2026-09-20_1176,4000,29,2026-08-21,2026-09-20,708.0,35.4,672.6,67.26,739.86,175.6,175.6
2026-09-28_1177,4000,13,2026-08-29,2026-09-28,972.0,48.6,923.4,92.34,1015.74,190.4,190.4
2026-09-05_1178,4000,23,2026-08-06,2026-09-05,513.0,25.65,487.35,48.74,536.09,86.35,86.35
2026-09-18_1179,4000,45,2026-08-19,2026-09-18,357.0,17.85,339.15,33.92,373.07,138.15,138.15
2026-09-17_1180,4000,7,2026-08-18,2026-09-17,617.0,30.85,586.15,58.62,644.77,306.15,306.15
2026-09-14_1181,4000,4,2026-08-15,2026-09-14,844.0,42.2,801.8,80.18,881.98,153.8,153.8
2026-09-12_1182,4000,22,2026-08-13,2026-09-12,870.0,43.5,826.5,82.65,909.15,169.5,169.5
2026-09-25_1183,4000,26,2026-08-26,2026-09-25,1006.0,50.3,955.7,95.57,1051.27,247.7,247.7
2026-09-26_1184,4000,46,2026-08-27,2026-09-26,583.0,29.15,553.85,55.39,609.24,193.85,193.85
2026-09-07_1185,4000,19,2026-08-08,2026-09-07,349.0,17.45,331.55,33.16,364.71,64.55,64.55
2026-09-29_1186,4000,3,2026-08-30,2026-09-29,1056.0,52.8,1003.2,100.32,1103.52,301.2,301.2
2026-10-03_1187,4000,5,2026-09-03,2026-10-03,240.0,12.0,228.0,22.8,250.8,74.0,74.0
2026-09-29_1188,4000,20,2026-08-30,2026-09-29,785.0,39.25,745.75,74.58,820.33,225.75,225.75
2026-09-28_1189,4000,39,2026-08-29,2026-09-28,300.0,15.0,285.0,28.5,313.5,115.0,115.0
2026-09-10_1190,4000,50,2026-08-11,2026-09-10,287.0,14.35,272.65,27.27,299.92,109.65,109.65
2026-09-25_1191,4000,1,2026-08-26,2026-09-25,794.0,39.7,754.3,75.43,829.73,215.3,215.3
2026-09-21_1192,4000,41,2026-08-22,2026-09-21,456.0,22.8,433.2,43.32,476.52,173.2,173.2
2026-09-11_1193,4000,44,2026-08-12,2026-09-11,585.0,29.25,555.75,55.58,611.33,144.75,144.75
2026-09-17_1194,4000,10,2026-08-18,2026-09-17,1048.0,52.4,995.6,99.56,1095.16,422.6,422.6
2026-09-18_1195,4000,39,2026-08-19,2026-09-18,121.0,6.05,114.95,11.5,126.45,22.95,22.95
2026-10-03_1196,4000,19,2026-09-03,2026-10-03,352.0,17.6,334.4,33.44,367.84,97.4,97.4
2026-09-08_1197,4000,50,2026-08-09,2026-09-08,998.0,49.9,948.1,94.81,1042.91,120.1,120.1
2026-09-29_1198,4000,44,2026-08-30,2026-09-29,1016.0,50.8,965.2,96.52,1061.72,113.2,113.2
2026-09-25_1199,4000,24,2026-08-26,2026-09-25,270.0,13.5,256.5,25.65,282.15,110.5,110.5
2026-09-19_1200,4000,44,2026-08-20,2026-09-19,736.0,36.8,699.2,69.92,769.12,153.2,153.2
2026-09-24_1201,4000,34,2026-08-25,2026-09-24,1178.0,58.9,1119.1,111.91,1231.01,175.1,175.1
2026-09-09_1202,4000,39,2026-08-10,2026-09-09,532.0,53.2,478.8,47.88,526.68,42.8,42.8
2026-09-21_1203,4000,6,2026-08-22,2026-09-21,1404.0,140.4,1263.6,126.36,1389.96,237.6,237.6
2026-09-26_1204,4000,17,2026-08-27,2026-09-26,1420.0,142.0,1278.0,127.8,1405.8,440.0,440.0
2026-09-26_1205,4000,24,2026-08-27,2026-09-26,453.0,45.3,407.7,40.77,448.47,128.7,128.7
2026-09-29_1206,4000,39,2026-08-30,2026-09-29,1273.0,127.3,1145.7,114.57,1260.27,56.7,56.7
2026-10-02_1207,4000,50,2026-09-02,2026-10-02,1264.0,126.4,1137.6,113.76,1251.36,501.6,501.6
2026-09-05_1208,4000,1,2026-08-06,2026-09-05,1074.0,107.4,966.6,96.66,1063.26,268.6,268.6
2026-09-22_1209,4000,13,2026-08-23,2026-09-22,820.0,82.0,738.0,73.8,811.8,119.0,119.0
2026-09-16_1210,4000,17,2026-08-17,2026-09-16,1035.0,103.5,931.5,93.15,1024.65,289.5,289.5
2026-09-06_1211,4000,25,2026-08-07,2026-09-06,929.0,92.9,836.1,83.61,919.71,49.1,49.1
2026-09-11_1212,4000,34,2026-08-12,2026-09-11,1042.0,104.2,937.8,93.78,1031.58,285.8,285.8
2026-09-18_1213,4000,35,2026-08-19,2026-09-18,1135.0,113.5,1021.5,102.15,1123.65,157.5,157.5
2026-09-24_1214,4000,39,2026-08-25,2026-09-24,1711.0,171.1,1539.9,153.99,1693.89,556.9,556.9
2026-09-28_1215,4000,1,2026-08-29,2026-09-28,1411.0,141.1,1269.9,126.99,1396.89,302.9,302.9
2026-09-23_1216,4000,42,2026-08-24,2026-09-23,2002.0,200.2,1801.8,180.18,1981.98,527.8,527.8
2026-09-18_1217,4000,30,2026-08-19,2026-09-18,1238.0,123.8,1114.2,111.42,1225.62,252.2,252.2
2026-09-24_1218,4000,15,2026-08-25,2026-09-24,1086.0,108.6,977.4,97.74,1075.14,125.4,125.4
2026-09-24_1219,4000,20,2026-08-25,2026-09-24,1175.0,117.5,1057.5,105.75,1163.25,265.5,265.5
2026-09-12_1220,4000,41,2026-08-13,2026-09-12,837.0,83.7,753.3,75.33,828.63,112.3,112.3
2026-09-23_1221,4000,48,2026-08-24,2026-09-23,1681.0,168.1,1512.9,151.29,1664.19,135.9,135.9
2026-09-21_1222,4000,7,2026-08-22,2026-09-21,487.0,48.7,438.3,43.83,482.13,141.3,141.3
2026-09-23_1223,4000,18,2026-08-24,2026-09-23,1480.0,148.0,1332.0,133.2,1465.2,276.0,276.0
2026-09-22_1224,4000,42,2026-08-23,2026-09-22,1449.0,144.9,1304.1,130.41,1434.51,269.1,269.1
2026-10-03_1225,4000,4,2026-09-03,2026-10-03,1393.0,139.3,1253.7,125.37,1379.07,287.7,287.7
2026-09-13_1226,4000,9,2026-08-14,2026-09-13,1508.0,150.8,1357.2,135.72,1492.92,139.2,139.2
2026-09-23_1227,4000,47,2026-08-24,2026-09-23,927.0,92.7,834.3,83.43,917.73,310.3,310.3
2026-09-27_1228,4000,5,2026-08-28,2026-09-27,1749.0,174.9,1574.1,157.41,1731.51,327.1,327.1
2026-09-19_1229,4000,19,2026-08-20,2026-09-19,746.0,74.6,671.4,67.14,738.54,328.4,328.4
2026-09-25_1230,4000,49,2026-08-26,2026-09-25,1035.0,103.5,931.5,93.15,1024.65,123.5,123.5
2026-09-21_1231,4000,28,2026-08-22,2026-09-21,2097.0,209.7,1887.3,188.73,2076.03,644.3,644.3
2026-09-09_1232,4000,43,2026-08-10,2026-09-09,1292.0,129.2,1162.8,116.28,1279.08,245.8,245.8
2026-09-12_1233,4000,14,2026-08-13,2026-09-12,692.0,69.2,622.8,62.28,685.08,143.8,143.8
2026-09-28_1234,4000,35,2026-08-29,2026-09-28,1449.0,144.9,1304.1,130.41,1434.51,275.1,275.1
2026-09-30_1235,4000,8,2026-08-31,2026-09-30,1827.0,182.7,1644.3,164.43,1808.73,173.3,173.3
2026-09-22_1236,4000,41,2026-08-23,2026-09-22,1980.0,198.0,1782.0,178.2,1960.2,124.0,124.0
2026-09-24_1237,4000,28,2026-08-25,2026-09-24,1153.0,115.3,1037.7,103.77,1141.47,429.7,429.7
2026-10-03_1238,4000,14,2026-09-03,2026-10-03,1684.0,168.4,1515.6,151.56,1667.16,339.6,339.6
2026-09-15_1239,4000,28,2026-08-16,2026-09-15,1787.0,178.7,1608.3,160.83,1769.13,251.3,251.3
2026-09-15_1240,4000,20,2026-08-16,2026-09-15,1200.0,120.0,1080.0,108.0,1188.0,348.0,348.0
2026-09-15_1241,4000,36,2026-08-16,2026-09-15,634.0,63.4,570.6,57.06,627.66,283.6,283.6
2026-09-27_1242,4000,18,2026-08-28,2026-09-27,1258.0,125.8,1132.2,113.22,1245.42,447.2,447.2
2026-09-25_1243,4000,7,2026-08-26,2026-09-25,563.0,56.3,506.7,50.67,557.37,97.7,97.7
2026-09-07_1244,4000,45,2026-08-08,2026-09-07,471.0,47.1,423.9,42.39,466.29,84.9,84.9
2026-09-30_1245,4000,43,2026-08-31,2026-09-30,1454.0,145.4,1308.6,130.86,1439.46,160.6,160.6
2026-09-11_1246,4000,42,2026-08-12,2026-09-11,824.0,82.4,741.6,74.16,815.76,316.6,316.6
2026-09-20_1247,4000,38,2026-08-21,2026-09-20,971.0,97.1,873.9,87.39,961.29,292.9,292.9
2026-09-23_1248,4000,39,2026-08-24,2026-09-23,1262.0,126.2,1135.8,113.58,1249.38,245.8,245.8
2026-09-17_1249,4000,8,2026-08-18,2026-09-17,1154.0,115.4,1038.6,103.86,1142.46,181.6,181.6
2026-09-17_1250,4000,19,2026-08-18,2026-09-17,1381.0,138.1,1242.9,124.29,1367.19,354.9,354.9
2026-09-14_1251,4000,39,2026-08-15,2026-09-14,849.0,84.9,764.1,76.41,840.51,302.1,302.1
2026-09-07_1252,4000,7,2026-08-08,2026-09-07,799.0,79.9,719.1,71.91,791.01,195.1,195.1
2026-09-08_1253,4000,11,2026-08-09,2026-09-08,1048.0,104.8,943.2,94.32,1037.52,384.2,384.2
2026-09-25_1254,4000,37,2026-08-26,2026-09-25,1468.0,146.8,1321.2,132.12,1453.32,244.2,244.2
2026-09-26_1255,4000,15,2026-08-27,2026-09-26,1184.0,118.4,1065.6,106.56,1172.16,479.6,479.6
2026-09-26_1256,4000,15,2026-08-27,2026-09-26,834.0,83.4,750.6,75.06,825.66,116.6,116.6
2026-09-25_1257,4000,27,2026-08-26,2026-09-25,729.0,72.9,656.1,65.61,721.71,174.1,174.1
2026-10-01_1258,4000,11,2026-09-01,2026-10-01,312.0,31.2,280.8,28.08,308.88,53.8,53.8
2026-09-15_1259,4000,19,2026-08-16,2026-09-15,949.0,94.9,854.1,85.41,939.51,236.1,236.1
2026-10-02_1260,4000,24,2026-09-02,2026-10-02,1412.0,141.2,1270.8,127.08,1397.88,334.8,334.8
2026-09-14_1261,4000,4,2026-08-15,2026-09-14,740.0,74.0,666.0,66.6,732.6,95.0,95.0
2026-09-11_1262,4000,49,2026-08-12,2026-09-11,1593.0,159.3,1433.7,143.37,1577.07,405.7,405.7
2026-09-17_1263,4000,30,2026-08-18,2026-09-17,1550.0,155.0,1395.0,139.5,1534.5,245.0,245.0
2026-09-15_1264,4000,41,2026-08-16,2026-09-15,1066.0,106.6,959.4,95.94,1055.34,109.4,109.4
2026-09-11_1265,4000,2,2026-08-12,2026-09-11,1406.0,140.6,1265.4,126.54,1391.94,128.4,128.4
2026-09-17_1266,4000,33,2026-08-18,2026-09-17,1377.0,137.7,1239.3,123.93,1363.23,371.3,371.3
2026-09-05_1267,4000,3,2026-08-06,2026-09-05,902.0,90.2,811.8,81.18,892.98,67.8,67.8
2026-09-17_1268,4000,19,2026-08-18,2026-09-17,1560.0,156.0,1404.0,140.4,1544.4,322.0,322.0
2026-09-10_1269,4000,32,2026-08-11,2026-09-10,1130.0,113.0,1017.0,101.7,1118.7,275.0,275.0
2026-09-07_1270,4000,33,2026-08-08,2026-09-07,1101.0,110.1,990.9,99.09,1089.99,337.9,337.9
2026-09-27_1271,4000,31,2026-08-28,2026-09-27,1264.0,126.4,1137.6,113.76,1251.36,427.6,427.6
2026-09-11_1272,4000,15,2026-08-12,2026-09-11,1143.0,114.3,1028.7,102.87,1131.57,353.7,353.7
2026-09-18_1273,4000,20,2026-08-19,2026-09-18,1446.0,144.6,1301.4,130.14,1431.54,165.4,165.4
2026-09-09_1274,4000,21,2026-08-10,2026-09-09,1032.0,103.2,928.8,92.88,1021.68,155.8,155.8
2026-09-09_1275,4000,40,2026-08-10,2026-09-09,1287.0,128.7,1158.3,115.83,1274.13,408.3,408.3
2026-10-02_1276,4000,35,2026-09-02,2026-10-02,1413.0,141.3,1271.7,127.17,1398.87,162.7,162.7
2026-09-30_1277,4000,42,2026-08-31,2026-09-30,1203.0,120.3,1082.7,108.27,1190.97,243.7,243.7
2026-09-24_1278,4000,41,2026-08-25,2026-09-24,1292.0,129.2,1162.8,116.28,1279.08,550.8,550.8
2026-09-19_1279,4000,11,2026-08-20,2026-09-19,1379.0,137.9,1241.1,124.11,1365.21,307.1,307.1
2026-09-09_1280,4000,25,2026-08-10,2026-09-09,1590.0,159.0,1431.0,143.1,1574.1,257.0,257.0
2026-09-16_1281,4000,25,2026-08-17,2026-09-16,948.0,94.8,853.2,85.32,938.52,127.2,127.2
2026-09-26_1282,4000,48,2026-08-27,2026-09-26,808.0,80.8,727.2,72.72,799.92,144.2,144.2
2026-09-22_1283,4000,36,2026-08-23,2026-09-22,1162.0,116.2,1045.8,104.58,1150.38,308.8,308.8
2026-10-02_1284,4000,3,2026-09-02,2026-10-02,1834.0,183.4,1650.6,165.06,1815.66,258.6,258.6
2026-09-23_1285,4000,10,2026-08-24,2026-09-23,751.0,75.1,675.9,67.59,743.49,261.9,261.9
2026-09-20_1286,4000,48,2026-08-21,2026-09-20,607.0,60.7,546.3,54.63,600.93,162.3,162.3
2026-09-10_1287,4000,6,2026-08-11,2026-09-10,1480.0,148.0,1332.0,133.2,1465.2,302.0,302.0
2026-09-18_1288,4000,21,2026-08-19,2026-09-18,924.0,92.4,831.6,83.16,914.76,259.6,259.6
2026-09-10_1289,4000,25,2026-08-11,2026-09-10,936.0,93.6,842.4,84.24,926.64,264.4,264.4
2026-09-25_1290,4000,47,2026-08-26,2026-09-25,1288.0,128.8,1159.2,115.92,1275.12,429.2,429.2
2026-09-27_1291,4000,26,2026-08-28,2026-09-27,1406.0,140.6,1265.4,126.54,1391.94,397.4,397.4
2026-09-08_1292,4000,35,2026-08-09,2026-09-08,968.0,96.8,871.2,87.12,958.32,233.2,233.2
2026-09-07_1293,4000,8,2026-08-08,2026-09-07,1258.0,125.8,1132.2,113.22,1245.42,270.2,270.2
2026-09-15_1294,4000,44,2026-08-16,2026-09-15,858.0,85.8,772.2,77.22,849.42,293.2,293.2
2026-09-28_1295,4000,41,2026-08-29,2026-09-28,1341.0,134.1,1206.9,120.69,1327.59,242.9,242.9
2026-09-26_1296,4000,13,2026-08-27,2026-09-26,523.0,52.3,470.7,47.07,517.77,88.7,88.7
2026-10-02_1297,4000,33,2026-09-02,2026-10-02,1181.0,118.1,1062.9,106.29,1169.19,133.9,133.9
2026-09-23_1298,4000,23,2026-08-24,2026-09-23,1362.0,136.2,1225.8,122.58,1348.38,423.8,423.8
2026-10-03_1299,4000,4,2026-09-03,2026-10-03,2010.0,201.0,1809.0,180.9,1989.9,279.0,279.0
2026-09-25_1300,4000,45,2026-08-26,2026-09-25,365.0,36.5,328.5,32.85,361.35,55.5,55.5
2026-09-30_1301,4000,20,2026-08-31,2026-09-30,1205.0,120.5,1084.5,108.45,1192.95,330.5,330.5
2026-09-05_1302,4000,14,2026-08-06,2026-09-05,995.0,99.5,895.5,89.55,985.05,118.5,118.5
2026-09-24_1303,4000,43,2026-08-25,2026-09-24,381.0,38.1,342.9,34.29,377.19,66.9,66.9
2026-09-25_1304,4000,44,2026-08-26,2026-09-25,1335.0,133.5,1201.5,120.15,1321.65,305.5,305.5
2026-09-06_1305,4000,29,2026-08-07,2026-09-06,947.0,94.7,852.3,85.23,937.53,308.3,308.3
2026-09-25_1306,4000,42,2026-08-26,2026-09-25,798.0,79.8,718.2,71.82,790.02,109.2,109.2
2026-09-06_1307,4000,47,2026-08-07,2026-09-06,781.0,78.1,702.9,70.29,773.19,293.9,293.9
2026-09-10_1308,4000,39,2026-08-11,2026-09-10,1179.0,117.9,1061.1,106.11,1167.21,374.1,374.1
2026-10-02_1309,4000,5,2026-09-02,2026-10-02,1094.0,109.4,984.6,98.46,1083.06,325.6,325.6
2026-09-30_1310,4000,30,2026-08-31,2026-09-30,2036.0,203.6,1832.4,183.24,2015.64,219.4,219.4
2026-09-14_1311,4000,49,2026-08-15,2026-09-14,959.0,95.9,863.1,86.31,949.41,306.1,306.1
2026-09-05_1312,4000,45,2026-08-06,2026-09-05,1610.0,161.0,1449.0,144.9,1593.9,445.0,445.0
2026-09-09_1313,4000,8,2026-08-10,2026-09-09,1142.0,114.2,1027.8,102.78,1130.58,87.8,87.8
2026-09-22_1314,4000,43,2026-08-23,2026-09-22,1250.0,125.0,1125.0,112.5,1237.5,271.0,271.0
2026-09-14_1315,4000,43,2026-08-15,2026-09-14,1652.0,165.2,1486.8,148.68,1635.48,228.8,228.8
2026-09-13_1316,4000,45,2026-08-14,2026-09-13,714.0,71.4,642.6,64.26,706.86,176.6,176.6
2026-09-17_1317,4000,6,2026-08-18,2026-09-17,994.0,99.4,894.6,89.46,984.06,148.6,148.6
2026-09-12_1318,4000,26,2026-08-13,2026-09-12,2434.0,243.4,2190.6,219.06,2409.66,276.6,276.6
2026-09-15_1319,4000,39,2026-08-16,2026-09-15,984.0,98.4,885.6,88.56,974.16,195.6,195.6
2026-09-24_1320,4000,28,2026-08-25,2026-09-24,1448.0,144.8,1303.2,130.32,1433.52,341.2,341.2
2026-09-05_1321,4000,10,2026-08-06,2026-09-05,1744.0,174.4,1569.6,156.96,1726.56,196.6,196.6
2026-09-30_1322,4000,32,2026-08-31,2026-09-30,906.0,90.6,815.4,81.54,896.94,321.4,321.4
2026-09-26_1323,4000,36,2026-08-27,2026-09-26,1264.0,126.4,1137.6,113.76,1251.36,397.6,397.6
2026-10-01_1324,4000,48,2026-09-01,2026-10-01,1530.0,153.0,1377.0,137.7,1514.7,221.0,221.0
2026-09-27_1325,4000,27,2026-08-28,2026-09-27,1586.0,158.6,1427.4,142.74,1570.14,277.4,277.4
2026-09-19_1326,4000,6,2026-08-20,2026-09-19,1303.0,130.3,1172.7,117.27,1289.97,285.7,285.7
2026-09-24_1327,4000,16,2026-08-25,2026-09-24,1048.0,104.8,943.2,94.32,1037.52,275.2,275.2
2026-09-20_1328,4000,35,2026-08-21,2026-09-20,600.0,60.0,540.0,54.0,594.0,264.0,264.0
2026-09-23_1329,4000,24,2026-08-24,2026-09-23,986.0,98.6,887.4,88.74,976.14,184.4,184.4
2026-09-17_1330,4000,45,2026-08-18,2026-09-17,1855.0,185.5,1669.5,166.95,1836.45,389.5,389.5
2026-09-07_1331,4000,20,2026-08-08,2026-09-07,700.0,70.0,630.0,63.0,693.0,98.0,98.0
2026-09-09_1332,4000,12,2026-08-10,2026-09-09,1081.0,108.1,972.9,97.29,1070.19,213.9,213.9
2026-09-29_1333,4000,30,2026-08-30,2026-09-29,1474.0,147.4,1326.6,132.66,1459.26,242.6,242.6
2026-09-16_1334,4000,19,2026-08-17,2026-09-16,444.0,44.4,399.6,39.96,439.56,84.6,84.6
2026-09-30_1335,4000,5,2026-08-31,2026-09-30,994.0,99.4,894.6,89.46,984.06,347.6,347.6
2026-09-23_1336,4000,36,2026-08-24,2026-09-23,1185.0,118.5,1066.5,106.65,1173.15,469.5,469.5
2026-09-18_1337,4000,30,2026-08-19,2026-09-18,692.0,69.2,622.8,62.28,685.08,76.8,76.8
2026-09-08_1338,4000,15,2026-08-09,2026-09-08,1556.0,155.6,1400.4,140.04,1540.44,119.4,119.4
2026-09-24_1339,4000,19,2026-08-25,2026-09-24,582.0,58.2,523.8,52.38,576.18,265.8,265.8
2026-09-14_1340,4000,44,2026-08-15,2026-09-14,231.0,23.1,207.9,20.79,228.69,41.9,41.9
2026-09-15_1341,4000,14,2026-08-16,2026-09-15,567.0,56.7,510.3,51.03,561.33,279.3,279.3
2026-09-28_1342,4000,22,2026-08-29,2026-09-28,1136.0,113.6,1022.4,102.24,1124.64,328.4,328.4
2026-09-13_1343,4000,22,2026-08-14,2026-09-13,1176.0,117.6,1058.4,105.84,1164.24,374.4,374.4
2026-09-17_1344,4000,34,2026-08-18,2026-09-17,1287.0,128.7,1158.3,115.83,1274.13,292.3,292.3
2026-09-15_1345,4000,22,2026-08-16,2026-09-15,2098.0,209.8,1888.2,188.82,2077.02,363.2,363.2
2026-09-05_1346,4000,24,2026-08-06,2026-09-05,1215.0,121.5,1093.5,109.35,1202.85,310.5,310.5
2026-10-02_1347,4000,44,2026-09-02,2026-10-02,759.0,75.9,683.1,68.31,751.41,137.1,137.1
2026-09-18_1348,4000,46,2026-08-19,2026-09-18,888.0,88.8,799.2,79.92,879.12,202.2,202.2
2026-09-30_1349,4000,2,2026-08-31,2026-09-30,664.0,66.4,597.6,59.76,657.36,201.6,201.6
2026-09-18_1350,4000,27,2026-08-19,2026-09-18,659.0,65.9,593.1,59.31,652.41,181.1,181.1
2026-09-11_1351,4000,38,2026-08-12,2026-09-11,1334.0,133.4,1200.6,120.06,1320.66,202.6,202.6
2026-10-03_1352,4000,13,2026-09-03,2026-10-03,618.0,61.8,556.2,55.62,611.82,199.2,199.2
2026-09-12_1353,4000,45,2026-08-13,2026-09-12,1578.0,157.8,1420.2,142.02,1562.22,451.2,451.2
2026-09-09_1354,4000,34,2026-08-10,2026-09-09,774.0,77.4,696.6,69.66,766.26,158.6,158.6
2026-09-05_1355,4000,35,2026-08-06,2026-09-05,1235.0,123.5,1111.5,111.15,1222.65,322.5,322.5
2026-09-27_1356,4000,13,2026-08-28,2026-09-27,1260.0,126.0,1134.0,113.4,1247.4,135.0,135.0
2026-09-14_1357,4000,7,2026-08-15,2026-09-14,1276.0,127.6,1148.4,114.84,1263.24,342.4,342.4
2026-09-15_1358,4000,42,2026-08-16,2026-09-15,843.0,84.3,758.7,75.87,834.57,238.7,238.7
2026-10-03_1359,4000,41,2026-09-03,2026-10-03,1102.0,110.2,991.8,99.18,1090.98,402.8,402.8
2026-10-02_1360,4000,43,2026-09-02,2026-10-02,1321.0,132.1,1188.9,118.89,1307.79,234.9,234.9
2026-09-27_1361,4000,30,2026-08-28,2026-09-27,1176.0,117.6,1058.4,105.84,1164.24,195.4,195.4
2026-09-06_1362,4000,12,2026-08-07,2026-09-06,899.0,89.9,809.1,80.91,890.01,294.1,294.1
2026-09-30_1363,4000,33,2026-08-31,2026-09-30,850.0,85.0,765.0,76.5,841.5,171.0,171.0
2026-09-12_1364,4000,41,2026-08-13,2026-09-12,1147.0,114.7,1032.3,103.23,1135.53,166.3,166.3
2026-10-02_1365,4000,11,2026-09-02,2026-10-02,1348.0,134.8,1213.2,121.32,1334.52,429.2,429.2
2026-09-12_1366,4000,31,2026-08-13,2026-09-12,1176.0,117.6,1058.4,105.84,1164.24,546.4,546.4
2026-09-29_1367,4000,31,2026-08-30,2026-09-29,1945.0,194.5,1750.5,175.05,1925.55,203.5,203.5
2026-10-03_1368,4000,3,2026-09-03,2026-10-03,1145.0,114.5,1030.5,103.05,1133.55,326.5,326.5
2026-09-25_1369,4000,22,2026-08-26,2026-09-25,1260.0,126.0,1134.0,113.4,1247.4,423.0,423.0
2026-09-22_1370,4000,34,2026-08-23,2026-09-22,1060.0,106.0,954.0,95.4,1049.4,230.0,230.0
2026-09-19_1371,4000,11,2026-08-20,2026-09-19,1668.0,166.8,1501.2,150.12,1651.32,527.2,527.2
2026-09-29_1372,4000,36,2026-08-30,2026-09-29,1069.0,106.9,962.1,96.21,1058.31,303.1,303.1
2026-09-14_1373,4000,31,2026-08-15,2026-09-14,1386.0,138.6,1247.4,124.74,1372.14,532.4,532.4
2026-09-28_1374,4000,35,2026-08-29,2026-09-28,1121.0,112.1,1008.9,100.89,1109.79,211.9,211.9
2026-09-18_1375,4000,19,2026-08-19,2026-09-18,723.0,72.3,650.7,65.07,715.77,147.7,147.7
2026-09-22_1376,4000,32,2026-08-23,2026-09-22,1883.0,188.3,1694.7,169.47,1864.17,261.7,261.7
2026-09-24_1377,4000,31,2026-08-25,2026-09-24,1152.0,115.2,1036.8,103.68,1140.48,136.8,136.8
2026-09-25_1378,4000,30,2026-08-26,2026-09-25,732.0,73.2,658.8,65.88,724.68,181.8,181.8
2026-09-12_1379,4000,42,2026-08-13,2026-09-12,990.0,99.0,891.0,89.1,980.1,137.0,137.0
2026-09-05_1380,4000,4,2026-08-06,2026-09-05,651.0,65.1,585.9,58.59,644.49,233.9,233.9
2026-09-20_1381,4000,26,2026-08-21,2026-09-20,1806.0,180.6,1625.4,162.54,1787.94,79.4,79.4
2026-09-05_1382,4000,13,2026-08-06,2026-09-05,653.0,65.3,587.7,58.77,646.47,142.7,142.7
2026-09-12_1383,4000,1,2026-08-13,2026-09-12,1075.0,107.5,967.5,96.75,1064.25,362.5,362.5
2026-09-11_1384,4000,15,2026-08-12,2026-09-11,1473.0,147.3,1325.7,132.57,1458.27,260.7,260.7
2026-09-15_1385,4000,39,2026-08-16,2026-09-15,760.0,76.0,684.0,68.4,752.4,146.0,146.0
2026-09-07_1386,4000,32,2026-08-08,2026-09-07,1104.0,110.4,993.6,99.36,1092.96,479.6,479.6
2026-09-14_1387,4000,9,2026-08-15,2026-09-14,1029.0,102.9,926.1,92.61,1018.71,309.1,309.1
2026-09-18_1388,4000,44,2026-08-19,2026-09-18,796.0,79.6,716.4,71.64,788.04,378.4,378.4
2026-09-28_1389,4000,23,2026-08-29,2026-09-28,577.0,57.7,519.3,51.93,571.23,129.3,129.3
2026-09-25_1390,4000,25,2026-08-26,2026-09-25,905.0,90.5,814.5,81.45,895.95,307.5,307.5
2026-09-24_1391,4000,39,2026-08-25,2026-09-24,2005.0,200.5,1804.5,180.45,1984.95,184.5,184.5
2026-10-01_1392,4000,45,2026-09-01,2026-10-01,1042.0,104.2,937.8,93.78,1031.58,387.8,387.8
2026-09-05_1393,4000,47,2026-08-06,2026-09-05,835.0,83.5,751.5,75.15,826.65,177.5,177.5
2026-09-25_1394,4000,28,2026-08-26,2026-09-25,1656.0,165.6,1490.4,149.04,1639.44,194.4,194.4
2026-10-03_1395,4000,11,2026-09-03,2026-10-03,2105.0,210.5,1894.5,189.45,2083.95,534.5,534.5
2026-09-08_1396,4000,39,2026-08-09,2026-09-08,1203.0,120.3,1082.7,108.27,1190.97,144.7,144.7
2026-09-26_1397,4000,15,2026-08-27,2026-09-26,1707.0,170.7,1536.3,153.63,1689.93,634.3,634.3
2026-09-11_1398,4000,19,2026-08-12,2026-09-11,1446.0,144.6,1301.4,130.14,1431.54,442.4,442.4
2026-09-25_1399,4000,50,2026-08-26,2026-09-25,2088.0,208.8,1879.2,187.92,2067.12,235.2,235.2
2026-09-12_1400,4000,1,2026-08-13,2026-09-12,1612.0,161.2,1450.8,145.08,1595.88,298.8,298.8
