"product_code","product_name","description","product_unit","quantity","cost","price","purchase_date"
"1000","agency","Dark anyone bank.","unit","62","46","70","2025-12-15"
"1001","direction","Yeah western life development every minute weight.","unit","26","86","100","2025-07-28"
"1002","able","Would should north admit let.","unit","43","33","52","2025-10-17"
"1003","certain","Just poor put citizen.","unit","90","66","84","2025-09-25"
"1004","method","Medical along next partner but someone task.","unit","62","67","93","2025-06-13"
"1005","all","Pay ever upon.","unit","25","58","68","2025-10-26"
"1006","one","Method idea ok participant maintain answer audience fish.","unit","50","46","71","2025-06-26"
"1007","performance","Boy serve Republican rather behind perform.","unit","24","54","81","2025-08-29"
"1008","management","According someone without.","unit","96","39","70","2025-10-24"
"1009","however","Information attorney meeting cell wish analysis.","unit","24","30","60","2025-05-08"
"1010","force","Majority eye listen control today dog.","unit","81","58","82","2025-12-04"
"1011","base","Skin drop late relate.","unit","34","69","82","2025-04-05"
"1012","natural","Suggest figure education eat.","unit","41","57","89","2025-12-10"
"1013","result","Eat throughout current where environmental.","unit","70","40","79","2025-12-15"
"1014","five","Power not history opportunity summer.","unit","29","59","74","2025-10-11"
"1015","media","Them college how.","unit","63","28","56","2025-04-05"
"1016","hotel","Something sound nearly away discover.","unit","12","30","65","2025-03-01"
"1017","structure","Cut also over art.","unit","56","75","100","2025-08-19"
"1018","decide","Add treatment say loss table.","unit","18","54","81","2025-03-01"
"1019","people","Image do concern newspaper listen weight.","unit","44","72","100","2025-07-31"
"1020","free","Talk participant production whatever apply so less.","unit","35","37","74","2025-07-25"
"1021","air","Out door old deep place.","unit","99","45","82","2025-10-27"
"1022","find","Road organization popular tell.","unit","64","79","100","2025-07-12"
"1023","project","Parent place century name.","unit","94","44","62","2025-04-06"
"1024","pressure","Professional moment thousand.","unit","56","54","88","2025-10-25"
"1025","about","All rock head.","unit","70","43","67","2025-02-25"
"1026","interest","Friend special those upon who.","unit","48","69","87","2025-09-14"
"1027","give","More culture score can design film exist.","unit","96","32","71","2025-07-27"
"1028","foot","Police system student magazine.","unit","15","27","53","2025-11-21"
"1029","usually","Open stop page degree thousand very though tell.","unit","63","61","82","2025-11-19"
"1030","clearly","Per work purpose set management.","unit","76","46","58","2025-12-26"
"1031","final","Important amount exist place however where local.","unit","32","50","62","2025-04-28"
"1032","team","Trade down spend audience same.","unit","93","31","51","2025-02-24"
"1033","dog","Trial care when class board mouth.","unit","26","48","72","2025-04-16"
"1034","guess","Country program word six production.","unit","46","17","50","2025-03-06"
"1035","century","Necessary store production anyone.","unit","28","76","88","2025-12-19"
"1036","message","Very media important stand.","unit","45","76","95","2025-05-19"
"1037","level","Base quickly window value far.","unit","11","55","90","2025-08-18"
"1038","apply","Themselves deal modern reach how rate itself cultural.","unit","26","55","77","2025-07-28"
"1039","place","Person save once exist writer.","unit","88","52","89","2025-05-11"
"1040","interest","House she fly technology base.","unit","88","36","51","2025-02-16"
"1041","stuff","At result about art.","unit","97","49","82","2025-01-14"
"1042","foreign","Kitchen herself include car thought hundred what least.","unit","64","31","59","2025-01-12"
"1043","stock","Lay nothing stage under series water.","unit","49","71","92","2025-05-09"
"1044","resource","Nothing woman weight herself new toward wall.","unit","64","49","83","2025-12-04"
"1045","campaign","Result rest difference turn experience leave why doctor.","unit","49","54","84","2025-12-16"
"1046","central","Wrong represent safe area.","unit","81","72","92","2025-05-19"
"1047","use","Religious develop perform boy heart.","unit","56","74","85","2025-12-25"
"1048","yet","Student eight report standard represent.","unit","83","37","55","2025-01-23"
"1049","within","Performance real read foreign.","unit","87","54","75","2025-03-30"
"1050","heavy","Student when key happen national professional.","unit","47","26","58","2025-05-05"
"1051","right","Focus rest state within.","unit","36","81","97","2025-12-05"
"1052","medical","Show such section garden whose raise.","unit","42","77","89","2025-11-03"
"1053","even","Rule thought stage more different hundred only consumer.","unit","16","49","65","2025-09-17"
"1054","option","Oil approach girl interesting health fast media.","unit","15","29","56","2025-07-06"
"1055","their","Religious but fish best budget air.","unit","88","14","51","2025-12-18"
"1056","set","Stock recently example boy send also front.","unit","43","47","57","2025-03-12"
"1057","as","Adult each west particular.","unit","21","39","65","2025-03-04"
"1058","order","Phone phone sound low by energy.","unit","53","69","95","2025-08-14"
"1059","attack","Bill president my member.","unit","55","51","62","2025-08-09"
"1060","themselves","Yeah class campaign four usually size at into.","unit","30","66","86","2025-05-17"
"1061","can","Son woman teach spend reason senior.","unit","72","30","67","2025-02-26"
"1062","teach","Art want specific.","unit","79","47","60","2025-06-12"
"1063","eat","Call town finally individual ok man.","unit","71","30","63","2025-01-23"
"1064","wear","Reach every myself herself reason get.","unit","83","34","67","2025-07-01"
"1065","smile","Bring view great state.","unit","23","60","93","2025-09-02"
"1066","work","Above station number measure president shake clear.","unit","55","78","94","2025-08-22"
"1067","president","Foreign that population bit I speech write.","unit","35","56","71","2025-05-11"
"1068","newspaper","Green great personal change member.","unit","63","72","86","2025-06-01"
"1069","son","Dog have Mr thank station significant up behind.","unit","42","37","55","2025-10-19"
"1070","support","Provide condition most someone tax against.","unit","16","57","68","2025-02-17"
"1071","employee","Think finish mean tough.","unit","19","39","77","2025-05-05"
"1072","question","Season be eat result.","unit","59","45","77","2025-12-16"
"1073","no","Way peace fall now nice.","unit","54","30","58","2025-10-14"
"1074","front","Charge will stay sort resource site population.","unit","22","74","88","2025-08-24"
"1075","question","Yard break rock ever within section share suffer.","unit","64","64","80","2025-12-17"
"1076","material","Himself number four sort several.","unit","19","47","57","2025-07-03"
"1077","employee","Agree event base six.","unit","97","62","84","2025-08-18"
"1078","fast","Year while child.","unit","20","77","97","2025-08-25"
"1079","speech","Major condition write he image.","unit","80","39","64","2025-02-07"
"1080","until","Scientist reality most today fly.","unit","39","74","85","2025-06-22"
"1081","hospital","War agreement fast another six station.","unit","18","56","81","2025-01-03"
"1082","kitchen","Take management recently program there score near.","unit","80","60","77","2025-04-23"
"1083","nature","Knowledge mention fear final law effect tell it.","unit","19","44","81","2025-05-06"
"1084","move","Send food choice claim activity.","unit","13","45","77","2025-02-19"
"1085","moment","Power firm human wrong say.","unit","81","46","83","2025-03-07"
"1086","himself","Government board to until.","unit","89","50","68","2025-06-02"
"1087","teach","Reach occur order month.","unit","10","58","72","2025-08-08"
"1088","billion","Feeling sign leader particularly.","unit","86","58","82","2025-03-24"
"1089","lay","Forward billion heavy.","unit","67","15","53","2025-03-21"
"1090","save","Factor apply walk tough support.","unit","42","45","61","2025-10-29"
"1091","onto","Plan life hair whether leg condition.","unit","43","80","91","2025-09-08"
"1092","radio","If age step know international area.","unit","64","14","51","2025-03-16"
"1093","something","Human believe send wrong no enough.","unit","85","22","55","2025-11-09"
"1094","range","Company significant wonder such.","unit","93","72","82","2025-01-24"
"1095","skill","Note scientist happy but whom north minute two.","unit","63","88","98","2025-08-28"
"1096","commercial","Soon democratic national chair.","unit","22","39","51","2025-09-09"
"1097","animal","Guy strategy bad technology event speak citizen.","unit","37","38","64","2025-04-02"
"1098","gas","Free give decide.","unit","31","37","72","2025-02-15"
"1099","small","Particular quite concern develop his show.","unit","20","60","77","2025-04-11"
