"invoice_code","customer_code","due_date","invoice_date","payment_recieved","status"
"2026-09-09_1001","34","2026-09-09","2026-08-10","30","Returned"
"2026-10-02_1002","37","2026-10-02","2026-09-02","29","Returned"
"2026-09-22_1003","50","2026-09-22","2026-08-23","27","Returned"
"2026-10-01_1004","29","2026-10-01","2026-09-01","24","Returned"
"2026-10-01_1005","32","2026-10-01","2026-09-01","22","Returned"
"2026-09-05_1006","24","2026-09-05","2026-08-06","22","Returned"
"2026-10-03_1007","30","2026-10-03","2026-09-03","28","Returned"
"2026-09-28_1008","24","2026-09-28","2026-08-29","27","Returned"
"2026-09-14_1009","8","2026-09-14","2026-08-15","29","Returned"
"2026-09-17_1010","45","2026-09-17","2026-08-18","23","Returned"
"2026-09-18_1011","9","2026-09-18","2026-08-19","25","Returned"
"2026-09-10_1012","16","2026-09-10","2026-08-11","24","Returned"
"2026-09-19_1013","50","2026-09-19","2026-08-20","23","Returned"
"2026-09-14_1014","30","2026-09-14","2026-08-15","24","Returned"
"2026-09-08_1015","4","2026-09-08","2026-08-09","23","Returned"
"2026-09-17_1016","24","2026-09-17","2026-08-18","24","Returned"
"2026-10-02_1017","1","2026-10-02","2026-09-02","22","Returned"
"2026-09-15_1018","31","2026-09-15","2026-08-16","22","Returned"
"2026-09-26_1019","1","2026-09-26","2026-08-27","22","Returned"
"2026-09-30_1020","3","2026-09-30","2026-08-31","21","Returned"
"2026-09-28_1021","30","2026-09-28","2026-08-29","29","Returned"
"2026-09-27_1022","19","2026-09-27","2026-08-28","20","Returned"
"2026-10-02_1023","11","2026-10-02","2026-09-02","22","Returned"
"2026-09-27_1024","14","2026-09-27","2026-08-28","20","Returned"
"2026-09-26_1025","37","2026-09-26","2026-08-27","21","Returned"
"2026-09-25_1026","46","2026-09-25","2026-08-26","26","Returned"
"2026-09-23_1027","3","2026-09-23","2026-08-24","23","Returned"
"2026-09-14_1028","6","2026-09-14","2026-08-15","24","Returned"
"2026-09-24_1029","41","2026-09-24","2026-08-25","23","Returned"
"2026-09-15_1030","38","2026-09-15","2026-08-16","25","Returned"
"2026-09-29_1031","43","2026-09-29","2026-08-30","22","Returned"
"2026-09-12_1032","8","2026-09-12","2026-08-13","20","Returned"
"2026-09-29_1033","31","2026-09-29","2026-08-30","29","Returned"
"2026-09-24_1034","10","2026-09-24","2026-08-25","27","Returned"
"2026-09-30_1035","49","2026-09-30","2026-08-31","28","Returned"
"2026-09-30_1036","5","2026-09-30","2026-08-31","29","Returned"
"2026-10-01_1037","36","2026-10-01","2026-09-01","26","Returned"
"2026-09-06_1038","10","2026-09-06","2026-08-07","20","Returned"
"2026-09-13_1039","6","2026-09-13","2026-08-14","25","Returned"
"2026-09-13_1040","27","2026-09-13","2026-08-14","24","Returned"
"2026-09-07_1041","22","2026-09-07","2026-08-08","25","Returned"
"2026-09-24_1042","36","2026-09-24","2026-08-25","29","Returned"
"2026-09-22_1043","8","2026-09-22","2026-08-23","27","Returned"
"2026-09-10_1044","33","2026-09-10","2026-08-11","25","Returned"
"2026-09-11_1045","34","2026-09-11","2026-08-12","22","Returned"
"2026-09-11_1046","37","2026-09-11","2026-08-12","30","Returned"
"2026-09-17_1047","45","2026-09-17","2026-08-18","29","Returned"
"2026-09-06_1048","31","2026-09-06","2026-08-07","27","Returned"
"2026-09-17_1049","38","2026-09-17","2026-08-18","21","Returned"
"2026-09-15_1050","22","2026-09-15","2026-08-16","20","Returned"
"2026-09-21_1051","47","2026-09-21","2026-08-22","20","Returned"
"2026-09-08_1052","49","2026-09-08","2026-08-09","25","Paid"
"2026-09-12_1053","44","2026-09-12","2026-08-13","21","Paid"
"2026-09-21_1054","45","2026-09-21","2026-08-22","25","Paid"
"2026-09-11_1055","35","2026-09-11","2026-08-12","22","Paid"
"2026-10-02_1056","39","2026-10-02","2026-09-02","25","Paid"
"2026-09-16_1057","7","2026-09-16","2026-08-17","30","Paid"
"2026-09-08_1058","12","2026-09-08","2026-08-09","23","Paid"
"2026-09-06_1059","19","2026-09-06","2026-08-07","29","Paid"
"2026-09-24_1060","46","2026-09-24","2026-08-25","24","Paid"
"2026-10-01_1061","16","2026-10-01","2026-09-01","30","Paid"
"2026-09-23_1062","47","2026-09-23","2026-08-24","22","Paid"
"2026-10-03_1063","10","2026-10-03","2026-09-03","24","Paid"
"2026-09-11_1064","19","2026-09-11","2026-08-12","29","Paid"
"2026-09-30_1065","13","2026-09-30","2026-08-31","30","Paid"
"2026-09-09_1066","49","2026-09-09","2026-08-10","30","Paid"
"2026-09-09_1067","29","2026-09-09","2026-08-10","21","Paid"
"2026-09-12_1068","49","2026-09-12","2026-08-13","21","Paid"
"2026-09-29_1069","10","2026-09-29","2026-08-30","30","Paid"
"2026-09-16_1070","33","2026-09-16","2026-08-17","29","Paid"
"2026-09-27_1071","39","2026-09-27","2026-08-28","21","Paid"
"2026-10-03_1072","1","2026-10-03","2026-09-03","20","Paid"
"2026-09-11_1073","38","2026-09-11","2026-08-12","22","Paid"
"2026-09-13_1074","28","2026-09-13","2026-08-14","22","Paid"
"2026-09-12_1075","26","2026-09-12","2026-08-13","25","Paid"
"2026-09-23_1076","32","2026-09-23","2026-08-24","30","Paid"
"2026-09-27_1077","20","2026-09-27","2026-08-28","20","Paid"
"2026-09-18_1078","35","2026-09-18","2026-08-19","22","Paid"
"2026-09-07_1079","36","2026-09-07","2026-08-08","30","Paid"
"2026-09-10_1080","15","2026-09-10","2026-08-11","21","Paid"
"2026-09-28_1081","21","2026-09-28","2026-08-29","27","Paid"
"2026-09-23_1082","48","2026-09-23","2026-08-24","23","Paid"
"2026-09-15_1083","17","2026-09-15","2026-08-16","24","Paid"
"2026-09-11_1084","5","2026-09-11","2026-08-12","29","Paid"
"2026-09-17_1085","1","2026-09-17","2026-08-18","30","Paid"
"2026-09-25_1086","37","2026-09-25","2026-08-26","25","Paid"
"2026-09-10_1087","21","2026-09-10","2026-08-11","30","Paid"
"2026-09-24_1088","4","2026-09-24","2026-08-25","29","Paid"
"2026-09-09_1089","6","2026-09-09","2026-08-10","29","Paid"
"2026-09-29_1090","32","2026-09-29","2026-08-30","26","Paid"
"2026-09-15_1091","35","2026-09-15","2026-08-16","24","Paid"
"2026-09-11_1092","24","2026-09-11","2026-08-12","26","Paid"
"2026-09-12_1093","50","2026-09-12","2026-08-13","26","Paid"
"2026-09-27_1094","20","2026-09-27","2026-08-28","22","Paid"
"2026-09-11_1095","10","2026-09-11","2026-08-12","23","Paid"
"2026-09-30_1096","35","2026-09-30","2026-08-31","28","Paid"
"2026-09-16_1097","1","2026-09-16","2026-08-17","28","Paid"
"2026-09-19_1098","3","2026-09-19","2026-08-20","28","Paid"
"2026-09-26_1099","9","2026-09-26","2026-08-27","20","Paid"
"2026-09-11_1100","10","2026-09-11","2026-08-12","23","Paid"
"2026-09-10_1101","21","2026-09-10","2026-08-11","24","Paid"
"2026-09-27_1102","21","2026-09-27","2026-08-28","23","Pending"
"2026-09-14_1103","34","2026-09-14","2026-08-15","26","Pending"
"2026-09-10_1104","43","2026-09-10","2026-08-11","28","Pending"
"2026-09-09_1105","41","2026-09-09","2026-08-10","20","Pending"
"2026-10-01_1106","6","2026-10-01","2026-09-01","21","Pending"
"2026-09-30_1107","10","2026-09-30","2026-08-31","22","Pending"
"2026-09-07_1108","43","2026-09-07","2026-08-08","27","Pending"
"2026-09-06_1109","19","2026-09-06","2026-08-07","25","Pending"
"2026-10-03_1110","30","2026-10-03","2026-09-03","20","Pending"
"2026-10-02_1111","49","2026-10-02","2026-09-02","30","Pending"
"2026-09-22_1112","15","2026-09-22","2026-08-23","24","Pending"
"2026-09-19_1113","21","2026-09-19","2026-08-20","22","Pending"
"2026-09-22_1114","23","2026-09-22","2026-08-23","30","Pending"
"2026-09-24_1115","33","2026-09-24","2026-08-25","29","Pending"
"2026-09-12_1116","44","2026-09-12","2026-08-13","29","Pending"
"2026-10-02_1117","42","2026-10-02","2026-09-02","27","Pending"
"2026-09-30_1118","4","2026-09-30","2026-08-31","27","Pending"
"2026-09-07_1119","50","2026-09-07","2026-08-08","29","Pending"
"2026-09-11_1120","19","2026-09-11","2026-08-12","30","Pending"
"2026-09-10_1121","48","2026-09-10","2026-08-11","30","Pending"
"2026-09-22_1122","47","2026-09-22","2026-08-23","22","Pending"
"2026-09-11_1123","4","2026-09-11","2026-08-12","29","Pending"
"2026-09-27_1124","47","2026-09-27","2026-08-28","23","Pending"
"2026-09-26_1125","8","2026-09-26","2026-08-27","29","Pending"
"2026-09-14_1126","33","2026-09-14","2026-08-15","23","Pending"
"2026-10-02_1127","44","2026-10-02","2026-09-02","20","Pending"
"2026-09-29_1128","2","2026-09-29","2026-08-30","22","Pending"
"2026-09-30_1129","44","2026-09-30","2026-08-31","28","Pending"
"2026-10-01_1130","42","2026-10-01","2026-09-01","23","Pending"
"2026-09-29_1131","5","2026-09-29","2026-08-30","23","Pending"
"2026-09-23_1132","15","2026-09-23","2026-08-24","22","Pending"
"2026-10-02_1133","28","2026-10-02","2026-09-02","27","Pending"
"2026-09-24_1134","45","2026-09-24","2026-08-25","28","Pending"
"2026-09-29_1135","25","2026-09-29","2026-08-30","28","Pending"
"2026-09-28_1136","14","2026-09-28","2026-08-29","26","Pending"
"2026-09-22_1137","34","2026-09-22","2026-08-23","29","Pending"
"2026-09-18_1138","42","2026-09-18","2026-08-19","28","Pending"
"2026-09-22_1139","6","2026-09-22","2026-08-23","21","Pending"
"2026-09-21_1140","34","2026-09-21","2026-08-22","26","Pending"
"2026-09-19_1141","11","2026-09-19","2026-08-20","24","Pending"
"2026-09-18_1142","16","2026-09-18","2026-08-19","26","Pending"
"2026-09-18_1143","25","2026-09-18","2026-08-19","27","Pending"
"2026-09-29_1144","20","2026-09-29","2026-08-30","30","Pending"
"2026-09-05_1145","25","2026-09-05","2026-08-06","27","Pending"
"2026-09-19_1146","38","2026-09-19","2026-08-20","29","Pending"
"2026-10-02_1147","24","2026-10-02","2026-09-02","28","Pending"
"2026-09-22_1148","13","2026-09-22","2026-08-23","30","Pending"
"2026-09-27_1149","2","2026-09-27","2026-08-28","24","Pending"
"2026-09-27_1150","34","2026-09-27","2026-08-28","27","Pending"
"2026-09-09_1151","4","2026-09-09","2026-08-10","27","Pending"
"2026-09-21_1152","18","2026-09-21","2026-08-22","24","Pending"
"2026-09-23_1153","28","2026-09-23","2026-08-24","26","Pending"
"2026-09-25_1154","15","2026-09-25","2026-08-26","28","Pending"
"2026-09-29_1155","36","2026-09-29","2026-08-30","28","Pending"
"2026-09-05_1156","48","2026-09-05","2026-08-06","29","Pending"
"2026-09-20_1157","45","2026-09-20","2026-08-21","22","Pending"
"2026-09-12_1158","43","2026-09-12","2026-08-13","20","Pending"
"2026-10-01_1159","33","2026-10-01","2026-09-01","29","Pending"
"2026-09-07_1160","20","2026-09-07","2026-08-08","23","Pending"
"2026-09-22_1161","33","2026-09-22","2026-08-23","28","Pending"
"2026-09-19_1162","37","2026-09-19","2026-08-20","21","Pending"
"2026-10-03_1163","25","2026-10-03","2026-09-03","27","Pending"
"2026-09-13_1164","42","2026-09-13","2026-08-14","24","Pending"
"2026-09-20_1165","48","2026-09-20","2026-08-21","22","Pending"
"2026-09-06_1166","44","2026-09-06","2026-08-07","29","Pending"
"2026-09-14_1167","16","2026-09-14","2026-08-15","29","Pending"
"2026-09-15_1168","5","2026-09-15","2026-08-16","27","Pending"
"2026-09-06_1169","19","2026-09-06","2026-08-07","28","Pending"
"2026-09-09_1170","23","2026-09-09","2026-08-10","25","Pending"
"2026-09-24_1171","1","2026-09-24","2026-08-25","22","Pending"
"2026-09-21_1172","30","2026-09-21","2026-08-22","26","Pending"
"2026-09-13_1173","33","2026-09-13","2026-08-14","22","Pending"
"2026-09-13_1174","13","2026-09-13","2026-08-14","30","Pending"
"2026-09-06_1175","11","2026-09-06","2026-08-07","24","Pending"
"2026-09-20_1176","29","2026-09-20","2026-08-21","27","Pending"
"2026-09-28_1177","13","2026-09-28","2026-08-29","30","Pending"
"2026-09-05_1178","23","2026-09-05","2026-08-06","30","Pending"
"2026-09-18_1179","45","2026-09-18","2026-08-19","28","Pending"
"2026-09-17_1180","7","2026-09-17","2026-08-18","24","Pending"
"2026-09-14_1181","4","2026-09-14","2026-08-15","21","Pending"
"2026-09-12_1182","22","2026-09-12","2026-08-13","30","Pending"
"2026-09-25_1183","26","2026-09-25","2026-08-26","30","Pending"
"2026-09-26_1184","46","2026-09-26","2026-08-27","23","Pending"
"2026-09-07_1185","19","2026-09-07","2026-08-08","21","Pending"
"2026-09-29_1186","3","2026-09-29","2026-08-30","26","Pending"
"2026-10-03_1187","5","2026-10-03","2026-09-03","22","Pending"
"2026-09-29_1188","20","2026-09-29","2026-08-30","27","Pending"
"2026-09-28_1189","39","2026-09-28","2026-08-29","24","Pending"
"2026-09-10_1190","50","2026-09-10","2026-08-11","23","Pending"
"2026-09-25_1191","1","2026-09-25","2026-08-26","21","Pending"
"2026-09-21_1192","41","2026-09-21","2026-08-22","23","Pending"
"2026-09-11_1193","44","2026-09-11","2026-08-12","20","Pending"
"2026-09-17_1194","10","2026-09-17","2026-08-18","26","Pending"
"2026-09-18_1195","39","2026-09-18","2026-08-19","23","Pending"
"2026-10-03_1196","19","2026-10-03","2026-09-03","22","Pending"
"2026-09-08_1197","50","2026-09-08","2026-08-09","30","Pending"
"2026-09-29_1198","44","2026-09-29","2026-08-30","29","Pending"
"2026-09-25_1199","24","2026-09-25","2026-08-26","28","Pending"
"2026-09-19_1200","44","2026-09-19","2026-08-20","29","Pending"
"2026-09-24_1201","34","2026-09-24","2026-08-25","30","Pending"
"2026-09-09_1202","39","2026-09-09","2026-08-10","21","Partially Paid"
"2026-09-21_1203","6","2026-09-21","2026-08-22","22","Partially Paid"
"2026-09-26_1204","17","2026-09-26","2026-08-27","23","Partially Paid"
"2026-09-26_1205","24","2026-09-26","2026-08-27","28","Partially Paid"
"2026-09-29_1206","39","2026-09-29","2026-08-30","23","Partially Paid"
"2026-10-02_1207","50","2026-10-02","2026-09-02","26","Partially Paid"
"2026-09-05_1208","1","2026-09-05","2026-08-06","28","Partially Paid"
"2026-09-22_1209","13","2026-09-22","2026-08-23","24","Partially Paid"
"2026-09-16_1210","17","2026-09-16","2026-08-17","29","Partially Paid"
"2026-09-06_1211","25","2026-09-06","2026-08-07","26","Partially Paid"
"2026-09-11_1212","34","2026-09-11","2026-08-12","29","Partially Paid"
"2026-09-18_1213","35","2026-09-18","2026-08-19","23","Partially Paid"
"2026-09-24_1214","39","2026-09-24","2026-08-25","24","Partially Paid"
"2026-09-28_1215","1","2026-09-28","2026-08-29","20","Partially Paid"
"2026-09-23_1216","42","2026-09-23","2026-08-24","30","Partially Paid"
"2026-09-18_1217","30","2026-09-18","2026-08-19","29","Partially Paid"
"2026-09-24_1218","15","2026-09-24","2026-08-25","21","Partially Paid"
"2026-09-24_1219","20","2026-09-24","2026-08-25","20","Partially Paid"
"2026-09-12_1220","41","2026-09-12","2026-08-13","20","Partially Paid"
"2026-09-23_1221","48","2026-09-23","2026-08-24","27","Partially Paid"
"2026-09-21_1222","7","2026-09-21","2026-08-22","28","Partially Paid"
"2026-09-23_1223","18","2026-09-23","2026-08-24","27","Partially Paid"
"2026-09-22_1224","42","2026-09-22","2026-08-23","26","Partially Paid"
"2026-10-03_1225","4","2026-10-03","2026-09-03","27","Partially Paid"
"2026-09-13_1226","9","2026-09-13","2026-08-14","24","Partially Paid"
"2026-09-23_1227","47","2026-09-23","2026-08-24","22","Partially Paid"
"2026-09-27_1228","5","2026-09-27","2026-08-28","30","Partially Paid"
"2026-09-19_1229","19","2026-09-19","2026-08-20","20","Partially Paid"
"2026-09-25_1230","49","2026-09-25","2026-08-26","30","Partially Paid"
"2026-09-21_1231","28","2026-09-21","2026-08-22","21","Partially Paid"
"2026-09-09_1232","43","2026-09-09","2026-08-10","24","Partially Paid"
"2026-09-12_1233","14","2026-09-12","2026-08-13","27","Partially Paid"
"2026-09-28_1234","35","2026-09-28","2026-08-29","30","Partially Paid"
"2026-09-30_1235","8","2026-09-30","2026-08-31","23","Partially Paid"
"2026-09-22_1236","41","2026-09-22","2026-08-23","29","Partially Paid"
"2026-09-24_1237","28","2026-09-24","2026-08-25","23","Partially Paid"
"2026-10-03_1238","14","2026-10-03","2026-09-03","26","Partially Paid"
"2026-09-15_1239","28","2026-09-15","2026-08-16","30","Partially Paid"
"2026-09-15_1240","20","2026-09-15","2026-08-16","21","Partially Paid"
"2026-09-15_1241","36","2026-09-15","2026-08-16","23","Partially Paid"
"2026-09-27_1242","18","2026-09-27","2026-08-28","24","Partially Paid"
"2026-09-25_1243","7","2026-09-25","2026-08-26","25","Partially Paid"
"2026-09-07_1244","45","2026-09-07","2026-08-08","24","Partially Paid"
"2026-09-30_1245","43","2026-09-30","2026-08-31","20","Partially Paid"
"2026-09-11_1246","42","2026-09-11","2026-08-12","26","Partially Paid"
"2026-09-20_1247","38","2026-09-20","2026-08-21","20","Partially Paid"
"2026-09-23_1248","39","2026-09-23","2026-08-24","24","Partially Paid"
"2026-09-17_1249","8","2026-09-17","2026-08-18","27","Partially Paid"
"2026-09-17_1250","19","2026-09-17","2026-08-18","22","Partially Paid"
"2026-09-14_1251","39","2026-09-14","2026-08-15","25","Partially Paid"
"2026-09-07_1252","7","2026-09-07","2026-08-08","23","Partially Paid"
"2026-09-08_1253","11","2026-09-08","2026-08-09","23","Partially Paid"
"2026-09-25_1254","37","2026-09-25","2026-08-26","22","Partially Paid"
"2026-09-26_1255","15","2026-09-26","2026-08-27","23","Partially Paid"
"2026-09-26_1256","15","2026-09-26","2026-08-27","20","Partially Paid"
"2026-09-25_1257","27","2026-09-25","2026-08-26","28","Partially Paid"
"2026-10-01_1258","11","2026-10-01","2026-09-01","26","Partially Paid"
"2026-09-15_1259","19","2026-09-15","2026-08-16","28","Partially Paid"
"2026-10-02_1260","24","2026-10-02","2026-09-02","22","Partially Paid"
"2026-09-14_1261","4","2026-09-14","2026-08-15","28","Partially Paid"
"2026-09-11_1262","49","2026-09-11","2026-08-12","25","Partially Paid"
"2026-09-17_1263","30","2026-09-17","2026-08-18","21","Partially Paid"
"2026-09-15_1264","41","2026-09-15","2026-08-16","29","Partially Paid"
"2026-09-11_1265","2","2026-09-11","2026-08-12","20","Partially Paid"
"2026-09-17_1266","33","2026-09-17","2026-08-18","29","Partially Paid"
"2026-09-05_1267","3","2026-09-05","2026-08-06","27","Partially Paid"
"2026-09-17_1268","19","2026-09-17","2026-08-18","26","Partially Paid"
"2026-09-10_1269","32","2026-09-10","2026-08-11","30","Partially Paid"
"2026-09-07_1270","33","2026-09-07","2026-08-08","23","Partially Paid"
"2026-09-27_1271","31","2026-09-27","2026-08-28","25","Partially Paid"
"2026-09-11_1272","15","2026-09-11","2026-08-12","27","Partially Paid"
"2026-09-18_1273","20","2026-09-18","2026-08-19","29","Partially Paid"
"2026-09-09_1274","21","2026-09-09","2026-08-10","20","Partially Paid"
"2026-09-09_1275","40","2026-09-09","2026-08-10","25","Partially Paid"
"2026-10-02_1276","35","2026-10-02","2026-09-02","26","Partially Paid"
"2026-09-30_1277","42","2026-09-30","2026-08-31","25","Partially Paid"
"2026-09-24_1278","41","2026-09-24","2026-08-25","28","Partially Paid"
"2026-09-19_1279","11","2026-09-19","2026-08-20","28","Partially Paid"
"2026-09-09_1280","25","2026-09-09","2026-08-10","24","Partially Paid"
"2026-09-16_1281","25","2026-09-16","2026-08-17","20","Partially Paid"
"2026-09-26_1282","48","2026-09-26","2026-08-27","24","Partially Paid"
"2026-09-22_1283","36","2026-09-22","2026-08-23","29","Partially Paid"
"2026-10-02_1284","3","2026-10-02","2026-09-02","29","Partially Paid"
"2026-09-23_1285","10","2026-09-23","2026-08-24","28","Partially Paid"
"2026-09-20_1286","48","2026-09-20","2026-08-21","23","Partially Paid"
"2026-09-10_1287","6","2026-09-10","2026-08-11","30","Partially Paid"
"2026-09-18_1288","21","2026-09-18","2026-08-19","25","Partially Paid"
"2026-09-10_1289","25","2026-09-10","2026-08-11","28","Partially Paid"
"2026-09-25_1290","47","2026-09-25","2026-08-26","25","Partially Paid"
"2026-09-27_1291","26","2026-09-27","2026-08-28","25","Partially Paid"
"2026-09-08_1292","35","2026-09-08","2026-08-09","28","Partially Paid"
"2026-09-07_1293","8","2026-09-07","2026-08-08","25","Partially Paid"
"2026-09-15_1294","44","2026-09-15","2026-08-16","23","Partially Paid"
"2026-09-28_1295","41","2026-09-28","2026-08-29","20","Partially Paid"
"2026-09-26_1296","13","2026-09-26","2026-08-27","20","Partially Paid"
"2026-10-02_1297","33","2026-10-02","2026-09-02","29","Partially Paid"
"2026-09-23_1298","23","2026-09-23","2026-08-24","26","Partially Paid"
"2026-10-03_1299","4","2026-10-03","2026-09-03","21","Partially Paid"
"2026-09-25_1300","45","2026-09-25","2026-08-26","30","Partially Paid"
"2026-09-30_1301","20","2026-09-30","2026-08-31","30","Partially Paid"
"2026-09-05_1302","14","2026-09-05","2026-08-06","20","Partially Paid"
"2026-09-24_1303","43","2026-09-24","2026-08-25","25","Partially Paid"
"2026-09-25_1304","44","2026-09-25","2026-08-26","30","Partially Paid"
"2026-09-06_1305","29","2026-09-06","2026-08-07","25","Partially Paid"
"2026-09-25_1306","42","2026-09-25","2026-08-26","26","Partially Paid"
"2026-09-06_1307","47","2026-09-06","2026-08-07","27","Partially Paid"
"2026-09-10_1308","39","2026-09-10","2026-08-11","27","Partially Paid"
"2026-10-02_1309","5","2026-10-02","2026-09-02","28","Partially Paid"
"2026-09-30_1310","30","2026-09-30","2026-08-31","25","Partially Paid"
"2026-09-14_1311","49","2026-09-14","2026-08-15","21","Partially Paid"
"2026-09-05_1312","45","2026-09-05","2026-08-06","22","Partially Paid"
"2026-09-09_1313","8","2026-09-09","2026-08-10","30","Partially Paid"
"2026-09-22_1314","43","2026-09-22","2026-08-23","25","Partially Paid"
"2026-09-14_1315","43","2026-09-14","2026-08-15","30","Partially Paid"
"2026-09-13_1316","45","2026-09-13","2026-08-14","24","Partially Paid"
"2026-09-17_1317","6","2026-09-17","2026-08-18","30","Partially Paid"
"2026-09-12_1318","26","2026-09-12","2026-08-13","21","Partially Paid"
"2026-09-15_1319","39","2026-09-15","2026-08-16","25","Partially Paid"
"2026-09-24_1320","28","2026-09-24","2026-08-25","26","Partially Paid"
"2026-09-05_1321","10","2026-09-05","2026-08-06","24","Partially Paid"
"2026-09-30_1322","32","2026-09-30","2026-08-31","22","Partially Paid"
"2026-09-26_1323","36","2026-09-26","2026-08-27","26","Partially Paid"
"2026-10-01_1324","48","2026-10-01","2026-09-01","29","Partially Paid"
"2026-09-27_1325","27","2026-09-27","2026-08-28","25","Partially Paid"
"2026-09-19_1326","6","2026-09-19","2026-08-20","25","Partially Paid"
"2026-09-24_1327","16","2026-09-24","2026-08-25","20","Partially Paid"
"2026-09-20_1328","35","2026-09-20","2026-08-21","24","Partially Paid"
"2026-09-23_1329","24","2026-09-23","2026-08-24","23","Partially Paid"
"2026-09-17_1330","45","2026-09-17","2026-08-18","30","Partially Paid"
"2026-09-07_1331","20","2026-09-07","2026-08-08","23","Partially Paid"
"2026-09-09_1332","12","2026-09-09","2026-08-10","22","Partially Paid"
"2026-09-29_1333","30","2026-09-29","2026-08-30","27","Partially Paid"
"2026-09-16_1334","19","2026-09-16","2026-08-17","22","Partially Paid"
"2026-09-30_1335","5","2026-09-30","2026-08-31","23","Partially Paid"
"2026-09-23_1336","36","2026-09-23","2026-08-24","30","Partially Paid"
"2026-09-18_1337","30","2026-09-18","2026-08-19","20","Partially Paid"
"2026-09-08_1338","15","2026-09-08","2026-08-09","27","Partially Paid"
"2026-09-24_1339","19","2026-09-24","2026-08-25","23","Partially Paid"
"2026-09-14_1340","44","2026-09-14","2026-08-15","24","Partially Paid"
"2026-09-15_1341","14","2026-09-15","2026-08-16","29","Partially Paid"
"2026-09-28_1342","22","2026-09-28","2026-08-29","23","Partially Paid"
"2026-09-13_1343","22","2026-09-13","2026-08-14","28","Partially Paid"
"2026-09-17_1344","34","2026-09-17","2026-08-18","26","Partially Paid"
"2026-09-15_1345","22","2026-09-15","2026-08-16","22","Partially Paid"
"2026-09-05_1346","24","2026-09-05","2026-08-06","22","Partially Paid"
"2026-10-02_1347","44","2026-10-02","2026-09-02","30","Partially Paid"
"2026-09-18_1348","46","2026-09-18","2026-08-19","20","Partially Paid"
"2026-09-30_1349","2","2026-09-30","2026-08-31","26","Partially Paid"
"2026-09-18_1350","27","2026-09-18","2026-08-19","26","Partially Paid"
"2026-09-11_1351","38","2026-09-11","2026-08-12","24","Partially Paid"
"2026-10-03_1352","13","2026-10-03","2026-09-03","27","Partially Paid"
"2026-09-12_1353","45","2026-09-12","2026-08-13","25","Partially Paid"
"2026-09-09_1354","34","2026-09-09","2026-08-10","22","Partially Paid"
"2026-09-05_1355","35","2026-09-05","2026-08-06","27","Partially Paid"
"2026-09-27_1356","13","2026-09-27","2026-08-28","29","Partially Paid"
"2026-09-14_1357","7","2026-09-14","2026-08-15","29","Partially Paid"
"2026-09-15_1358","42","2026-09-15","2026-08-16","29","Partially Paid"
"2026-10-03_1359","41","2026-10-03","2026-09-03","24","Partially Paid"
"2026-10-02_1360","43","2026-10-02","2026-09-02","29","Partially Paid"
"2026-09-27_1361","30","2026-09-27","2026-08-28","24","Partially Paid"
"2026-09-06_1362","12","2026-09-06","2026-08-07","27","Partially Paid"
"2026-09-30_1363","33","2026-09-30","2026-08-31","27","Partially Paid"
"2026-09-12_1364","41","2026-09-12","2026-08-13","29","Partially Paid"
"2026-10-02_1365","11","2026-10-02","2026-09-02","30","Partially Paid"
"2026-09-12_1366","31","2026-09-12","2026-08-13","30","Partially Paid"
"2026-09-29_1367","31","2026-09-29","2026-08-30","24","Partially Paid"
"2026-10-03_1368","3","2026-10-03","2026-09-03","26","Partially Paid"
"2026-09-25_1369","22","2026-09-25","2026-08-26","21","Partially Paid"
"2026-09-22_1370","34","2026-09-22","2026-08-23","21","Partially Paid"
"2026-09-19_1371","11","2026-09-19","2026-08-20","26","Partially Paid"
"2026-09-29_1372","36","2026-09-29","2026-08-30","25","Partially Paid"
"2026-09-14_1373","31","2026-09-14","2026-08-15","24","Partially Paid"
"2026-09-28_1374","35","2026-09-28","2026-08-29","25","Partially Paid"
"2026-09-18_1375","19","2026-09-18","2026-08-19","26","Partially Paid"
"2026-09-22_1376","32","2026-09-22","2026-08-23","22","Partially Paid"
"2026-09-24_1377","31","2026-09-24","2026-08-25","30","Partially Paid"
"2026-09-25_1378","30","2026-09-25","2026-08-26","21","Partially Paid"
"2026-09-12_1379","42","2026-09-12","2026-08-13","21","Partially Paid"
"2026-09-05_1380","4","2026-09-05","2026-08-06","24","Partially Paid"
"2026-09-20_1381","26","2026-09-20","2026-08-21","25","Partially Paid"
"2026-09-05_1382","13","2026-09-05","2026-08-06","26","Partially Paid"
"2026-09-12_1383","1","2026-09-12","2026-08-13","26","Partially Paid"
"2026-09-11_1384","15","2026-09-11","2026-08-12","23","Partially Paid"
"2026-09-15_1385","39","2026-09-15","2026-08-16","24","Partially Paid"
"2026-09-07_1386","32","2026-09-07","2026-08-08","28","Partially Paid"
"2026-09-14_1387","9","2026-09-14","2026-08-15","27","Partially Paid"
"2026-09-18_1388","44","2026-09-18","2026-08-19","23","Partially Paid"
"2026-09-28_1389","23","2026-09-28","2026-08-29","23","Partially Paid"
"2026-09-25_1390","25","2026-09-25","2026-08-26","24","Partially Paid"
"2026-09-24_1391","39","2026-09-24","2026-08-25","24","Partially Paid"
"2026-10-01_1392","45","2026-10-01","2026-09-01","27","Partially Paid"
"2026-09-05_1393","47","2026-09-05","2026-08-06","21","Partially Paid"
"2026-09-25_1394","28","2026-09-25","2026-08-26","29","Partially Paid"
"2026-10-03_1395","11","2026-10-03","2026-09-03","28","Partially Paid"
"2026-09-08_1396","39","2026-09-08","2026-08-09","30","Partially Paid"
"2026-09-26_1397","15","2026-09-26","2026-08-27","21","Partially Paid"
"2026-09-11_1398","19","2026-09-11","2026-08-12","23","Partially Paid"
"2026-09-25_1399","50","2026-09-25","2026-08-26","25","Partially Paid"
"2026-09-12_1400","1","2026-09-12","2026-08-13","25","Partially Paid"
