"vendor_code","vendor_name","contact_info","email","address"
"2000","Kaiser, Lawrence and Randall","(550)398-0307","johnsmith@example.net","7965 Jones Tunnel Smithfort, OR 21090"
"2001","Wang-Church","696-717-0561","mwebster@example.org","608 Eric Creek West Misty, IN 82500"
"2002","Hooper-Garcia","001-800-727-4","edwardsmason@example.org","27790 Martinez Green Suite 657 Andreamouth, LA 73997"
"2003","Jefferson-Holmes","(976)380-3258","rachel84@example.net","PSC 6434, Box 7570 APO AA 97571"
"2004","Smith, Phillips and Rodgers","488.511.3371","yguzman@example.org","694 Barker Parks West Cody, SD 21553"
"2005","Gilbert Group","+1-726-989-57","csimon@example.org","6087 Melissa Bypass New Derrickchester, MH 76578"
"2006","Friedman-Rivers","(453)657-2268","maria02@example.org","08690 Thomas Mountain East Sherriland, ME 86938"
"2007","Rich, Carson and Dunn","(860)501-2822","kathryn42@example.net","440 Cobb Place Nancyland, TN 44727"
"2008","Palmer, Martin and Walker","+1-365-846-51","patty42@example.net","1075 Barnett Forest Port Jasonborough, ME 67786"
"2009","Brooks, Buckley and Ortiz","(705)998-2844","annette78@example.com","00263 Crystal Well Apt. 716 Mauriceside, PR 73601"
"2010","Berry, Powell and Alvarado","399-506-6552x","timothy69@example.net","69547 Hunt Valleys Apt. 764 East Joycetown, NJ 67778"
"2011","Zamora-Cherry","798.590.4758","nnelson@example.net","84372 Mary Lake Port Joseph, AS 25842"
"2012","Williams LLC","541-464-9546x","henrybailey@example.com","8604 Richardson Overpass Suite 550 Port Anna, PR 02342"
"2013","Livingston-Montoya","(907)650-5424","walshjoseph@example.net","07219 Duncan Wall Lake Shane, AZ 32806"
"2014","Porter-Wilson","203.986.7619","ddiaz@example.org","14831 Katherine Place Apt. 214 East Joshua, CO 53327"
"2015","Richard, Woodard and Lambert","001-539-698-8","nicholas60@example.net","86896 Kimberly Islands Suite 223 Lake Crystalfurt, WV 24951"
"2016","Zhang Ltd","923.412.1510x","stricklandmegan@example.com","138 Perez Street Apt. 028 Lake Carlaview, NH 03563"
"2017","Campbell-Morgan","(480)898-9295","seanjohnson@example.com","6474 Robin Light Suite 102 North Lydiahaven, AS 13664"
"2018","Morgan PLC","671.533.5383x","nathanguzman@example.org","1978 James Glen North John, AL 77610"
"2019","Wheeler Ltd","001-292-236-2","laurie98@example.org","074 Aguirre Squares North Reneeborough, NJ 26084"
"2020","Johnson, Long and Powers","(451)968-7474","karenboyer@example.org","16678 Valdez Shoal Apt. 560 Penningtonchester, PA 84844"
"2021","Jones-Wallace","271-836-5944x","nathantorres@example.net","4477 Reynolds Bypass Lake Martinborough, TX 92314"
"2022","Mcmillan-Phillips","7662998446","jesuswilson@example.org","6660 Joseph Square Sethtown, PA 18074"
"2023","Smith Group","249-664-7119x","russell35@example.org","4184 Matthews Road New Thomasfort, PR 17171"
"2024","Diaz-Roberson","+1-596-567-40","chandlerchristian@example.org","977 Aimee Ridges Kellyborough, NE 29192"
"2025","White, Thompson and Gibbs","001-738-652-4","rebecca86@example.org","8262 Anderson Mountain North Christopher, MS 20987"
"2026","Robles-Wilson","(585)618-5610","hollanddaniel@example.org","81575 Jones Junctions Port Wanda, FL 79684"
"2027","Lyons-Johnson","366.950.7580x","susan10@example.com","40248 Timothy Valleys Apt. 159 Frankshire, AZ 40704"
"2028","Munoz Ltd","4655254528","zsmith@example.org","99095 Dominique Village Gonzalezland, ID 99929"
"2029","Bradley, Spencer and Coleman","+1-509-988-47","bradfordhenry@example.org","78920 Valerie Springs Apt. 040 East Tina, WY 61387"
"2030","Taylor-Mcconnell","7422970264","yatesharold@example.net","2765 Justin Island Suite 433 Dixonfort, NY 71838"
"2031","Moyer Group","2683687628","zthomas@example.net","388 John Mountain Suite 808 East Amy, NY 54896"
"2032","Ibarra, Mccullough and Miller","8748477083","ericarios@example.com","448 Monroe Garden Parkerton, PR 66147"
"2033","Giles, Nunez and Elliott","2714913866","tyler83@example.org","Unit 5190 Box 5614 DPO AA 70565"
"2034","Nguyen-Sullivan","879-547-4443x","robert42@example.net","88976 Flores Mall North Emma, TN 18619"
"2035","Moore-Beard","(839)332-1708","michael48@example.net","Unit 5249 Box 6927 DPO AP 77169"
"2036","Smith-Castillo","3875373626","sarahunter@example.com","6891 Mark Lane Apt. 561 East Lisa, WY 38215"
"2037","Moon Inc","445.329.6038x","yjackson@example.com","007 Mitchell Village Riosfurt, IN 68663"
"2038","Potts Inc","475-803-7995","ashleyshea@example.com","USNV Gonzalez FPO AA 79527"
"2039","Boyd LLC","(759)856-2430","joeljohnson@example.org","4160 Gregory Route Suite 630 South Ross, MN 72424"
"2040","Roberts LLC","5555934237","matthew56@example.org","91947 Jones Ville Apt. 580 Port Jamesfort, ID 34578"
"2041","Tanner, Wong and Mitchell","718.252.6670x","santanacharles@example.org","PSC 7529, Box 8772 APO AA 13911"
"2042","Rios-Hayden","(696)981-9726","lance69@example.com","PSC 5341, Box 3975 APO AA 97581"
"2043","Smith, West and Underwood","+1-590-529-83","jessica35@example.org","953 Raven Centers Jessicaland, IN 85789"
"2044","Sullivan, Camacho and Wolfe","872.694.3726x","ruth75@example.com","15157 Murray Spurs Suite 578 Dixonmouth, NY 32771"
"2045","Pratt-Sellers","001-220-977-2","ashleymorton@example.com","196 Hawkins Extension Suite 270 Jasminestad, NV 24533"
"2046","Johnson-Mcclain","+1-376-273-32","brian59@example.net","27107 Obrien Loaf Suite 477 West Abigailchester, ME 35303"
"2047","Chapman-Morgan","292-748-5372x","jacobrodriguez@example.net","9083 Katelyn Lake New Jamestown, AZ 01680"
"2048","Lang-Castro","+1-749-512-02","douglaswilliams@example.net","466 Webb Crest Apt. 589 Brownfurt, HI 60299"
"2049","House Ltd","688.203.9289x","jordan22@example.org","533 Jones Brooks West James, FM 83897"
